"","LandUse","date","ndvi_mean","Stot_per_LU","ndvi_mean_interp"
"1","Culture",2015-01-01,NA,NA,0.497860537485242
"2","Culture",2015-01-02,NA,NA,0.497860537485242
"3","Culture",2015-01-03,NA,NA,0.497860537485242
"4","Culture",2015-01-04,NA,NA,0.497860537485242
"5","Culture",2015-01-05,NA,NA,0.497860537485242
"6","Culture",2015-01-06,NA,NA,0.497860537485242
"7","Culture",2015-01-07,NA,NA,0.497860537485242
"8","Culture",2015-01-08,NA,NA,0.497860537485242
"9","Culture",2015-01-09,NA,NA,0.497860537485242
"10","Culture",2015-01-10,NA,NA,0.497860537485242
"11","Culture",2015-01-11,NA,NA,0.497860537485242
"12","Culture",2015-01-12,NA,NA,0.497860537485242
"13","Culture",2015-01-13,NA,NA,0.497860537485242
"14","Culture",2015-01-14,NA,NA,0.497860537485242
"15","Culture",2015-01-15,NA,NA,0.497860537485242
"16","Culture",2015-01-16,NA,NA,0.497860537485242
"17","Culture",2015-01-17,NA,NA,0.497860537485242
"18","Culture",2015-01-18,0.497860537485242,928094.774,0.497860537485242
"19","Culture",2015-01-19,NA,NA,0.465969500597747
"20","Culture",2015-01-20,NA,NA,0.434078463710252
"21","Culture",2015-01-21,NA,NA,0.402187426822758
"22","Culture",2015-01-22,NA,NA,0.370296389935263
"23","Culture",2015-01-23,NA,NA,0.338405353047768
"24","Culture",2015-01-24,NA,NA,0.306514316160273
"25","Culture",2015-01-25,NA,NA,0.274623279272778
"26","Culture",2015-01-26,NA,NA,0.242732242385283
"27","Culture",2015-01-27,NA,NA,0.210841205497788
"28","Culture",2015-01-28,NA,NA,0.178950168610293
"29","Culture",2015-01-29,NA,NA,0.147059131722798
"30","Culture",2015-01-30,NA,NA,0.115168094835304
"31","Culture",2015-01-31,NA,NA,0.0832770579478087
"32","Culture",2015-02-01,NA,NA,0.0513860210603138
"33","Culture",2015-02-02,NA,NA,0.0194949841728189
"34","Culture",2015-02-03,-0.0123960527146761,928094.774,-0.0123960527146761
"35","Culture",2015-02-04,NA,NA,0.0497416404427581
"36","Culture",2015-02-05,NA,NA,0.111879333600192
"37","Culture",2015-02-06,NA,NA,0.174017026757626
"38","Culture",2015-02-07,NA,NA,0.236154719915061
"39","Culture",2015-02-08,NA,NA,0.298292413072495
"40","Culture",2015-02-09,NA,NA,0.360430106229929
"41","Culture",2015-02-10,NA,NA,0.422567799387363
"42","Culture",2015-02-11,NA,NA,0.484705492544797
"43","Culture",2015-02-12,0.546843185702231,928094.774,0.546843185702231
"44","Culture",2015-02-13,NA,NA,0.54466420594978
"45","Culture",2015-02-14,NA,NA,0.542485226197329
"46","Culture",2015-02-15,NA,NA,0.540306246444878
"47","Culture",2015-02-16,NA,NA,0.538127266692427
"48","Culture",2015-02-17,NA,NA,0.535948286939976
"49","Culture",2015-02-18,NA,NA,0.533769307187524
"50","Culture",2015-02-19,NA,NA,0.531590327435073
"51","Culture",2015-02-20,NA,NA,0.529411347682622
"52","Culture",2015-02-21,NA,NA,0.527232367930171
"53","Culture",2015-02-22,NA,NA,0.52505338817772
"54","Culture",2015-02-23,NA,NA,0.522874408425268
"55","Culture",2015-02-24,NA,NA,0.520695428672817
"56","Culture",2015-02-25,NA,NA,0.518516448920366
"57","Culture",2015-02-26,NA,NA,0.516337469167915
"58","Culture",2015-02-27,NA,NA,0.514158489415464
"59","Culture",2015-02-28,0.511979509663012,928094.774,0.511979509663012
"60","Culture",2015-03-01,NA,NA,0.515187987487016
"61","Culture",2015-03-02,NA,NA,0.518396465311019
"62","Culture",2015-03-03,NA,NA,0.521604943135022
"63","Culture",2015-03-04,NA,NA,0.524813420959025
"64","Culture",2015-03-05,NA,NA,0.528021898783029
"65","Culture",2015-03-06,NA,NA,0.531230376607032
"66","Culture",2015-03-07,NA,NA,0.534438854431035
"67","Culture",2015-03-08,NA,NA,0.537647332255038
"68","Culture",2015-03-09,NA,NA,0.540855810079042
"69","Culture",2015-03-10,NA,NA,0.544064287903045
"70","Culture",2015-03-11,NA,NA,0.547272765727048
"71","Culture",2015-03-12,NA,NA,0.550481243551051
"72","Culture",2015-03-13,NA,NA,0.553689721375055
"73","Culture",2015-03-14,NA,NA,0.556898199199058
"74","Culture",2015-03-15,NA,NA,0.560106677023061
"75","Culture",2015-03-16,NA,NA,0.563315154847064
"76","Culture",2015-03-17,NA,NA,0.566523632671068
"77","Culture",2015-03-18,NA,NA,0.569732110495071
"78","Culture",2015-03-19,NA,NA,0.572940588319074
"79","Culture",2015-03-20,NA,NA,0.576149066143077
"80","Culture",2015-03-21,NA,NA,0.579357543967081
"81","Culture",2015-03-22,NA,NA,0.582566021791084
"82","Culture",2015-03-23,NA,NA,0.585774499615087
"83","Culture",2015-03-24,NA,NA,0.58898297743909
"84","Culture",2015-03-25,NA,NA,0.592191455263094
"85","Culture",2015-03-26,NA,NA,0.595399933087097
"86","Culture",2015-03-27,NA,NA,0.5986084109111
"87","Culture",2015-03-28,NA,NA,0.601816888735103
"88","Culture",2015-03-29,NA,NA,0.605025366559107
"89","Culture",2015-03-30,NA,NA,0.60823384438311
"90","Culture",2015-03-31,NA,NA,0.611442322207113
"91","Culture",2015-04-01,NA,NA,0.614650800031116
"92","Culture",2015-04-02,NA,NA,0.61785927785512
"93","Culture",2015-04-03,NA,NA,0.621067755679123
"94","Culture",2015-04-04,NA,NA,0.624276233503126
"95","Culture",2015-04-05,NA,NA,0.62748471132713
"96","Culture",2015-04-06,NA,NA,0.630693189151133
"97","Culture",2015-04-07,NA,NA,0.633901666975136
"98","Culture",2015-04-08,0.637110144799139,928094.774,0.637110144799139
"99","Culture",2015-04-09,NA,NA,0.644471895481033
"100","Culture",2015-04-10,NA,NA,0.651833646162928
"101","Culture",2015-04-11,NA,NA,0.659195396844822
"102","Culture",2015-04-12,NA,NA,0.666557147526716
"103","Culture",2015-04-13,NA,NA,0.67391889820861
"104","Culture",2015-04-14,NA,NA,0.681280648890505
"105","Culture",2015-04-15,NA,NA,0.688642399572399
"106","Culture",2015-04-16,NA,NA,0.696004150254293
"107","Culture",2015-04-17,NA,NA,0.703365900936188
"108","Culture",2015-04-18,NA,NA,0.710727651618082
"109","Culture",2015-04-19,NA,NA,0.718089402299976
"110","Culture",2015-04-20,NA,NA,0.72545115298187
"111","Culture",2015-04-21,NA,NA,0.732812903663765
"112","Culture",2015-04-22,NA,NA,0.740174654345659
"113","Culture",2015-04-23,NA,NA,0.747536405027553
"114","Culture",2015-04-24,0.754898155709447,928094.774,0.754898155709447
"115","Culture",2015-04-25,NA,NA,0.75554323978747
"116","Culture",2015-04-26,NA,NA,0.756188323865493
"117","Culture",2015-04-27,NA,NA,0.756833407943516
"118","Culture",2015-04-28,NA,NA,0.757478492021539
"119","Culture",2015-04-29,NA,NA,0.758123576099562
"120","Culture",2015-04-30,NA,NA,0.758768660177585
"121","Culture",2015-05-01,NA,NA,0.759413744255608
"122","Culture",2015-05-02,NA,NA,0.760058828333631
"123","Culture",2015-05-03,NA,NA,0.760703912411653
"124","Culture",2015-05-04,NA,NA,0.761348996489676
"125","Culture",2015-05-05,NA,NA,0.761994080567699
"126","Culture",2015-05-06,NA,NA,0.762639164645722
"127","Culture",2015-05-07,NA,NA,0.763284248723745
"128","Culture",2015-05-08,NA,NA,0.763929332801768
"129","Culture",2015-05-09,NA,NA,0.764574416879791
"130","Culture",2015-05-10,0.765219500957814,928094.774,0.765219500957814
"131","Culture",2015-05-11,NA,NA,0.764064952169186
"132","Culture",2015-05-12,NA,NA,0.762910403380559
"133","Culture",2015-05-13,NA,NA,0.761755854591931
"134","Culture",2015-05-14,NA,NA,0.760601305803304
"135","Culture",2015-05-15,NA,NA,0.759446757014676
"136","Culture",2015-05-16,NA,NA,0.758292208226049
"137","Culture",2015-05-17,NA,NA,0.757137659437421
"138","Culture",2015-05-18,NA,NA,0.755983110648794
"139","Culture",2015-05-19,NA,NA,0.754828561860166
"140","Culture",2015-05-20,NA,NA,0.753674013071539
"141","Culture",2015-05-21,NA,NA,0.752519464282911
"142","Culture",2015-05-22,NA,NA,0.751364915494284
"143","Culture",2015-05-23,NA,NA,0.750210366705657
"144","Culture",2015-05-24,NA,NA,0.749055817917029
"145","Culture",2015-05-25,NA,NA,0.747901269128402
"146","Culture",2015-05-26,NA,NA,0.746746720339774
"147","Culture",2015-05-27,NA,NA,0.745592171551147
"148","Culture",2015-05-28,NA,NA,0.744437622762519
"149","Culture",2015-05-29,NA,NA,0.743283073973892
"150","Culture",2015-05-30,NA,NA,0.742128525185264
"151","Culture",2015-05-31,NA,NA,0.740973976396637
"152","Culture",2015-06-01,NA,NA,0.739819427608009
"153","Culture",2015-06-02,NA,NA,0.738664878819382
"154","Culture",2015-06-03,NA,NA,0.737510330030754
"155","Culture",2015-06-04,0.736355781242127,928094.774,0.736355781242127
"156","Culture",2015-06-05,NA,NA,0.738667504425098
"157","Culture",2015-06-06,NA,NA,0.740979227608069
"158","Culture",2015-06-07,NA,NA,0.74329095079104
"159","Culture",2015-06-08,NA,NA,0.745602673974012
"160","Culture",2015-06-09,NA,NA,0.747914397156983
"161","Culture",2015-06-10,NA,NA,0.750226120339954
"162","Culture",2015-06-11,0.752537843522925,928094.774,0.752537843522925
"163","Culture",2015-06-12,NA,NA,0.745152082588149
"164","Culture",2015-06-13,NA,NA,0.737766321653372
"165","Culture",2015-06-14,NA,NA,0.730380560718595
"166","Culture",2015-06-15,NA,NA,0.722994799783818
"167","Culture",2015-06-16,NA,NA,0.715609038849041
"168","Culture",2015-06-17,NA,NA,0.708223277914265
"169","Culture",2015-06-18,NA,NA,0.700837516979488
"170","Culture",2015-06-19,NA,NA,0.693451756044711
"171","Culture",2015-06-20,NA,NA,0.686065995109934
"172","Culture",2015-06-21,NA,NA,0.678680234175158
"173","Culture",2015-06-22,NA,NA,0.671294473240381
"174","Culture",2015-06-23,NA,NA,0.663908712305604
"175","Culture",2015-06-24,NA,NA,0.656522951370828
"176","Culture",2015-06-25,NA,NA,0.649137190436051
"177","Culture",2015-06-26,NA,NA,0.641751429501274
"178","Culture",2015-06-27,NA,NA,0.634365668566497
"179","Culture",2015-06-28,NA,NA,0.62697990763172
"180","Culture",2015-06-29,NA,NA,0.619594146696944
"181","Culture",2015-06-30,NA,NA,0.612208385762167
"182","Culture",2015-07-01,NA,NA,0.60482262482739
"183","Culture",2015-07-02,NA,NA,0.597436863892613
"184","Culture",2015-07-03,NA,NA,0.590051102957837
"185","Culture",2015-07-04,NA,NA,0.58266534202306
"186","Culture",2015-07-05,NA,NA,0.575279581088283
"187","Culture",2015-07-06,0.567893820153506,928094.774,0.567893820153506
"188","Culture",2015-07-07,NA,NA,0.563003343490827
"189","Culture",2015-07-08,NA,NA,0.558112866828147
"190","Culture",2015-07-09,NA,NA,0.553222390165467
"191","Culture",2015-07-10,NA,NA,0.548331913502787
"192","Culture",2015-07-11,NA,NA,0.543441436840107
"193","Culture",2015-07-12,NA,NA,0.538550960177427
"194","Culture",2015-07-13,NA,NA,0.533660483514747
"195","Culture",2015-07-14,NA,NA,0.528770006852068
"196","Culture",2015-07-15,NA,NA,0.523879530189388
"197","Culture",2015-07-16,NA,NA,0.518989053526708
"198","Culture",2015-07-17,NA,NA,0.514098576864028
"199","Culture",2015-07-18,NA,NA,0.509208100201348
"200","Culture",2015-07-19,NA,NA,0.504317623538668
"201","Culture",2015-07-20,NA,NA,0.499427146875988
"202","Culture",2015-07-21,NA,NA,0.494536670213309
"203","Culture",2015-07-22,0.489646193550629,928094.774,0.489646193550629
"204","Culture",2015-07-23,NA,NA,0.484418623201611
"205","Culture",2015-07-24,NA,NA,0.479191052852592
"206","Culture",2015-07-25,NA,NA,0.473963482503574
"207","Culture",2015-07-26,NA,NA,0.468735912154556
"208","Culture",2015-07-27,NA,NA,0.463508341805538
"209","Culture",2015-07-28,NA,NA,0.458280771456519
"210","Culture",2015-07-29,NA,NA,0.453053201107501
"211","Culture",2015-07-30,NA,NA,0.447825630758483
"212","Culture",2015-07-31,NA,NA,0.442598060409465
"213","Culture",2015-08-01,NA,NA,0.437370490060447
"214","Culture",2015-08-02,NA,NA,0.432142919711428
"215","Culture",2015-08-03,NA,NA,0.42691534936241
"216","Culture",2015-08-04,NA,NA,0.421687779013392
"217","Culture",2015-08-05,NA,NA,0.416460208664374
"218","Culture",2015-08-06,NA,NA,0.411232638315355
"219","Culture",2015-08-07,0.406005067966337,928094.774,0.406005067966337
"220","Culture",2015-08-08,NA,NA,0.413883125041883
"221","Culture",2015-08-09,NA,NA,0.421761182117428
"222","Culture",2015-08-10,NA,NA,0.429639239192973
"223","Culture",2015-08-11,NA,NA,0.437517296268519
"224","Culture",2015-08-12,NA,NA,0.445395353344064
"225","Culture",2015-08-13,NA,NA,0.453273410419609
"226","Culture",2015-08-14,0.461151467495155,928094.774,0.461151467495155
"227","Culture",2015-08-15,NA,NA,0.467023547825193
"228","Culture",2015-08-16,NA,NA,0.472895628155232
"229","Culture",2015-08-17,NA,NA,0.47876770848527
"230","Culture",2015-08-18,NA,NA,0.484639788815309
"231","Culture",2015-08-19,NA,NA,0.490511869145347
"232","Culture",2015-08-20,NA,NA,0.496383949475385
"233","Culture",2015-08-21,NA,NA,0.502256029805424
"234","Culture",2015-08-22,NA,NA,0.508128110135462
"235","Culture",2015-08-23,NA,NA,0.514000190465501
"236","Culture",2015-08-24,NA,NA,0.519872270795539
"237","Culture",2015-08-25,NA,NA,0.525744351125578
"238","Culture",2015-08-26,NA,NA,0.531616431455616
"239","Culture",2015-08-27,NA,NA,0.537488511785655
"240","Culture",2015-08-28,NA,NA,0.543360592115693
"241","Culture",2015-08-29,NA,NA,0.549232672445732
"242","Culture",2015-08-30,0.55510475277577,928094.774,0.55510475277577
"243","Culture",2015-08-31,NA,NA,0.559478328577193
"244","Culture",2015-09-01,NA,NA,0.563851904378615
"245","Culture",2015-09-02,NA,NA,0.568225480180038
"246","Culture",2015-09-03,NA,NA,0.572599055981461
"247","Culture",2015-09-04,NA,NA,0.576972631782883
"248","Culture",2015-09-05,NA,NA,0.581346207584306
"249","Culture",2015-09-06,NA,NA,0.585719783385729
"250","Culture",2015-09-07,NA,NA,0.590093359187151
"251","Culture",2015-09-08,NA,NA,0.594466934988574
"252","Culture",2015-09-09,NA,NA,0.598840510789997
"253","Culture",2015-09-10,NA,NA,0.603214086591419
"254","Culture",2015-09-11,NA,NA,0.607587662392842
"255","Culture",2015-09-12,NA,NA,0.611961238194264
"256","Culture",2015-09-13,NA,NA,0.616334813995687
"257","Culture",2015-09-14,NA,NA,0.62070838979711
"258","Culture",2015-09-15,NA,NA,0.625081965598532
"259","Culture",2015-09-16,NA,NA,0.629455541399955
"260","Culture",2015-09-17,NA,NA,0.633829117201378
"261","Culture",2015-09-18,NA,NA,0.6382026930028
"262","Culture",2015-09-19,NA,NA,0.642576268804223
"263","Culture",2015-09-20,NA,NA,0.646949844605645
"264","Culture",2015-09-21,NA,NA,0.651323420407068
"265","Culture",2015-09-22,NA,NA,0.655696996208491
"266","Culture",2015-09-23,NA,NA,0.660070572009913
"267","Culture",2015-09-24,0.664444147811336,928094.774,0.664444147811336
"268","Culture",2015-09-25,NA,NA,0.655199804576634
"269","Culture",2015-09-26,NA,NA,0.645955461341931
"270","Culture",2015-09-27,NA,NA,0.636711118107228
"271","Culture",2015-09-28,NA,NA,0.627466774872526
"272","Culture",2015-09-29,NA,NA,0.618222431637823
"273","Culture",2015-09-30,NA,NA,0.608978088403121
"274","Culture",2015-10-01,0.599733745168418,928094.774,0.599733745168418
"275","Culture",2015-10-02,NA,NA,0.595716853657264
"276","Culture",2015-10-03,NA,NA,0.591699962146109
"277","Culture",2015-10-04,NA,NA,0.587683070634955
"278","Culture",2015-10-05,NA,NA,0.5836661791238
"279","Culture",2015-10-06,NA,NA,0.579649287612645
"280","Culture",2015-10-07,NA,NA,0.575632396101491
"281","Culture",2015-10-08,NA,NA,0.571615504590336
"282","Culture",2015-10-09,NA,NA,0.567598613079182
"283","Culture",2015-10-10,NA,NA,0.563581721568027
"284","Culture",2015-10-11,NA,NA,0.559564830056873
"285","Culture",2015-10-12,NA,NA,0.555547938545718
"286","Culture",2015-10-13,NA,NA,0.551531047034563
"287","Culture",2015-10-14,NA,NA,0.547514155523409
"288","Culture",2015-10-15,NA,NA,0.543497264012254
"289","Culture",2015-10-16,NA,NA,0.5394803725011
"290","Culture",2015-10-17,NA,NA,0.535463480989945
"291","Culture",2015-10-18,NA,NA,0.53144658947879
"292","Culture",2015-10-19,NA,NA,0.527429697967636
"293","Culture",2015-10-20,NA,NA,0.523412806456481
"294","Culture",2015-10-21,NA,NA,0.519395914945327
"295","Culture",2015-10-22,NA,NA,0.515379023434172
"296","Culture",2015-10-23,NA,NA,0.511362131923017
"297","Culture",2015-10-24,NA,NA,0.507345240411863
"298","Culture",2015-10-25,NA,NA,0.503328348900708
"299","Culture",2015-10-26,0.499311457389554,928094.774,0.499311457389554
"300","Culture",2015-10-27,NA,NA,0.505311647463538
"301","Culture",2015-10-28,NA,NA,0.511311837537523
"302","Culture",2015-10-29,NA,NA,0.517312027611507
"303","Culture",2015-10-30,NA,NA,0.523312217685492
"304","Culture",2015-10-31,NA,NA,0.529312407759477
"305","Culture",2015-11-01,NA,NA,0.535312597833461
"306","Culture",2015-11-02,NA,NA,0.541312787907446
"307","Culture",2015-11-03,NA,NA,0.54731297798143
"308","Culture",2015-11-04,NA,NA,0.553313168055415
"309","Culture",2015-11-05,NA,NA,0.5593133581294
"310","Culture",2015-11-06,NA,NA,0.565313548203384
"311","Culture",2015-11-07,NA,NA,0.571313738277369
"312","Culture",2015-11-08,NA,NA,0.577313928351354
"313","Culture",2015-11-09,NA,NA,0.583314118425338
"314","Culture",2015-11-10,NA,NA,0.589314308499323
"315","Culture",2015-11-11,0.595314498573307,928094.774,0.595314498573307
"316","Culture",2015-11-12,NA,NA,0.598967579289772
"317","Culture",2015-11-13,NA,NA,0.602620660006237
"318","Culture",2015-11-14,NA,NA,0.606273740722702
"319","Culture",2015-11-15,NA,NA,0.609926821439167
"320","Culture",2015-11-16,NA,NA,0.613579902155632
"321","Culture",2015-11-17,NA,NA,0.617232982872097
"322","Culture",2015-11-18,0.620886063588562,928094.774,0.620886063588562
"323","Culture",2015-11-19,NA,NA,0.627245894636322
"324","Culture",2015-11-20,NA,NA,0.633605725684081
"325","Culture",2015-11-21,NA,NA,0.639965556731841
"326","Culture",2015-11-22,NA,NA,0.646325387779601
"327","Culture",2015-11-23,NA,NA,0.65268521882736
"328","Culture",2015-11-24,NA,NA,0.65904504987512
"329","Culture",2015-11-25,NA,NA,0.665404880922879
"330","Culture",2015-11-26,NA,NA,0.671764711970639
"331","Culture",2015-11-27,0.678124543018398,928094.774,0.678124543018398
"332","Culture",2015-11-28,NA,NA,0.674943576261971
"333","Culture",2015-11-29,NA,NA,0.671762609505544
"334","Culture",2015-11-30,NA,NA,0.668581642749116
"335","Culture",2015-12-01,NA,NA,0.665400675992689
"336","Culture",2015-12-02,NA,NA,0.662219709236262
"337","Culture",2015-12-03,NA,NA,0.659038742479835
"338","Culture",2015-12-04,NA,NA,0.655857775723407
"339","Culture",2015-12-05,NA,NA,0.65267680896698
"340","Culture",2015-12-06,NA,NA,0.649495842210553
"341","Culture",2015-12-07,NA,NA,0.646314875454125
"342","Culture",2015-12-08,NA,NA,0.643133908697698
"343","Culture",2015-12-09,NA,NA,0.639952941941271
"344","Culture",2015-12-10,NA,NA,0.636771975184844
"345","Culture",2015-12-11,NA,NA,0.633591008428416
"346","Culture",2015-12-12,NA,NA,0.630410041671989
"347","Culture",2015-12-13,NA,NA,0.627229074915562
"348","Culture",2015-12-14,NA,NA,0.624048108159135
"349","Culture",2015-12-15,NA,NA,0.620867141402707
"350","Culture",2015-12-16,NA,NA,0.61768617464628
"351","Culture",2015-12-17,NA,NA,0.614505207889853
"352","Culture",2015-12-18,NA,NA,0.611324241133425
"353","Culture",2015-12-19,NA,NA,0.608143274376998
"354","Culture",2015-12-20,0.604962307620571,928094.774,0.604962307620571
"355","Culture",2015-12-21,NA,NA,0.609643549437173
"356","Culture",2015-12-22,NA,NA,0.614324791253776
"357","Culture",2015-12-23,NA,NA,0.619006033070379
"358","Culture",2015-12-24,NA,NA,0.623687274886981
"359","Culture",2015-12-25,NA,NA,0.628368516703584
"360","Culture",2015-12-26,NA,NA,0.633049758520187
"361","Culture",2015-12-27,NA,NA,0.637731000336789
"362","Culture",2015-12-28,NA,NA,0.642412242153392
"363","Culture",2015-12-29,0.647093483969994,928094.774,0.647093483969994
"364","Culture",2015-12-30,NA,NA,0.647093483969994
"365","Culture",2015-12-31,NA,NA,0.647093483969994
"366","Bois",2015-01-01,NA,NA,0.421698024663565
"367","Bois",2015-01-02,NA,NA,0.421698024663565
"368","Bois",2015-01-03,NA,NA,0.421698024663565
"369","Bois",2015-01-04,NA,NA,0.421698024663565
"370","Bois",2015-01-05,NA,NA,0.421698024663565
"371","Bois",2015-01-06,NA,NA,0.421698024663565
"372","Bois",2015-01-07,NA,NA,0.421698024663565
"373","Bois",2015-01-08,NA,NA,0.421698024663565
"374","Bois",2015-01-09,NA,NA,0.421698024663565
"375","Bois",2015-01-10,NA,NA,0.421698024663565
"376","Bois",2015-01-11,NA,NA,0.421698024663565
"377","Bois",2015-01-12,NA,NA,0.421698024663565
"378","Bois",2015-01-13,NA,NA,0.421698024663565
"379","Bois",2015-01-14,NA,NA,0.421698024663565
"380","Bois",2015-01-15,NA,NA,0.421698024663565
"381","Bois",2015-01-16,NA,NA,0.421698024663565
"382","Bois",2015-01-17,NA,NA,0.421698024663565
"383","Bois",2015-01-18,0.421698024663565,1504192.016,0.421698024663565
"384","Bois",2015-01-19,NA,NA,0.397740869480984
"385","Bois",2015-01-20,NA,NA,0.373783714298404
"386","Bois",2015-01-21,NA,NA,0.349826559115824
"387","Bois",2015-01-22,NA,NA,0.325869403933243
"388","Bois",2015-01-23,NA,NA,0.301912248750663
"389","Bois",2015-01-24,NA,NA,0.277955093568083
"390","Bois",2015-01-25,NA,NA,0.253997938385502
"391","Bois",2015-01-26,NA,NA,0.230040783202922
"392","Bois",2015-01-27,NA,NA,0.206083628020342
"393","Bois",2015-01-28,NA,NA,0.182126472837761
"394","Bois",2015-01-29,NA,NA,0.158169317655181
"395","Bois",2015-01-30,NA,NA,0.134212162472601
"396","Bois",2015-01-31,NA,NA,0.11025500729002
"397","Bois",2015-02-01,NA,NA,0.0862978521074398
"398","Bois",2015-02-02,NA,NA,0.0623406969248595
"399","Bois",2015-02-03,0.0383835417422791,1504192.016,0.0383835417422791
"400","Bois",2015-02-04,NA,NA,0.0923171285130482
"401","Bois",2015-02-05,NA,NA,0.146250715283817
"402","Bois",2015-02-06,NA,NA,0.200184302054586
"403","Bois",2015-02-07,NA,NA,0.254117888825355
"404","Bois",2015-02-08,NA,NA,0.308051475596125
"405","Bois",2015-02-09,NA,NA,0.361985062366894
"406","Bois",2015-02-10,NA,NA,0.415918649137663
"407","Bois",2015-02-11,NA,NA,0.469852235908432
"408","Bois",2015-02-12,0.523785822679201,1504192.016,0.523785822679201
"409","Bois",2015-02-13,NA,NA,0.524654351206416
"410","Bois",2015-02-14,NA,NA,0.525522879733631
"411","Bois",2015-02-15,NA,NA,0.526391408260846
"412","Bois",2015-02-16,NA,NA,0.52725993678806
"413","Bois",2015-02-17,NA,NA,0.528128465315275
"414","Bois",2015-02-18,NA,NA,0.52899699384249
"415","Bois",2015-02-19,NA,NA,0.529865522369705
"416","Bois",2015-02-20,NA,NA,0.53073405089692
"417","Bois",2015-02-21,NA,NA,0.531602579424135
"418","Bois",2015-02-22,NA,NA,0.53247110795135
"419","Bois",2015-02-23,NA,NA,0.533339636478565
"420","Bois",2015-02-24,NA,NA,0.534208165005779
"421","Bois",2015-02-25,NA,NA,0.535076693532994
"422","Bois",2015-02-26,NA,NA,0.535945222060209
"423","Bois",2015-02-27,NA,NA,0.536813750587424
"424","Bois",2015-02-28,0.537682279114639,1504192.016,0.537682279114639
"425","Bois",2015-03-01,NA,NA,0.53789111779528
"426","Bois",2015-03-02,NA,NA,0.538099956475922
"427","Bois",2015-03-03,NA,NA,0.538308795156563
"428","Bois",2015-03-04,NA,NA,0.538517633837205
"429","Bois",2015-03-05,NA,NA,0.538726472517846
"430","Bois",2015-03-06,NA,NA,0.538935311198488
"431","Bois",2015-03-07,NA,NA,0.539144149879129
"432","Bois",2015-03-08,NA,NA,0.539352988559771
"433","Bois",2015-03-09,NA,NA,0.539561827240412
"434","Bois",2015-03-10,NA,NA,0.539770665921054
"435","Bois",2015-03-11,NA,NA,0.539979504601695
"436","Bois",2015-03-12,NA,NA,0.540188343282337
"437","Bois",2015-03-13,NA,NA,0.540397181962978
"438","Bois",2015-03-14,NA,NA,0.54060602064362
"439","Bois",2015-03-15,NA,NA,0.540814859324261
"440","Bois",2015-03-16,NA,NA,0.541023698004903
"441","Bois",2015-03-17,NA,NA,0.541232536685544
"442","Bois",2015-03-18,NA,NA,0.541441375366186
"443","Bois",2015-03-19,NA,NA,0.541650214046827
"444","Bois",2015-03-20,NA,NA,0.541859052727469
"445","Bois",2015-03-21,NA,NA,0.54206789140811
"446","Bois",2015-03-22,NA,NA,0.542276730088752
"447","Bois",2015-03-23,NA,NA,0.542485568769393
"448","Bois",2015-03-24,NA,NA,0.542694407450035
"449","Bois",2015-03-25,NA,NA,0.542903246130677
"450","Bois",2015-03-26,NA,NA,0.543112084811318
"451","Bois",2015-03-27,NA,NA,0.54332092349196
"452","Bois",2015-03-28,NA,NA,0.543529762172601
"453","Bois",2015-03-29,NA,NA,0.543738600853243
"454","Bois",2015-03-30,NA,NA,0.543947439533884
"455","Bois",2015-03-31,NA,NA,0.544156278214526
"456","Bois",2015-04-01,NA,NA,0.544365116895167
"457","Bois",2015-04-02,NA,NA,0.544573955575809
"458","Bois",2015-04-03,NA,NA,0.54478279425645
"459","Bois",2015-04-04,NA,NA,0.544991632937092
"460","Bois",2015-04-05,NA,NA,0.545200471617733
"461","Bois",2015-04-06,NA,NA,0.545409310298375
"462","Bois",2015-04-07,NA,NA,0.545618148979016
"463","Bois",2015-04-08,0.545826987659658,1504192.016,0.545826987659658
"464","Bois",2015-04-09,NA,NA,0.555908107510584
"465","Bois",2015-04-10,NA,NA,0.56598922736151
"466","Bois",2015-04-11,NA,NA,0.576070347212436
"467","Bois",2015-04-12,NA,NA,0.586151467063362
"468","Bois",2015-04-13,NA,NA,0.596232586914288
"469","Bois",2015-04-14,NA,NA,0.606313706765214
"470","Bois",2015-04-15,NA,NA,0.61639482661614
"471","Bois",2015-04-16,NA,NA,0.626475946467066
"472","Bois",2015-04-17,NA,NA,0.636557066317993
"473","Bois",2015-04-18,NA,NA,0.646638186168919
"474","Bois",2015-04-19,NA,NA,0.656719306019845
"475","Bois",2015-04-20,NA,NA,0.666800425870771
"476","Bois",2015-04-21,NA,NA,0.676881545721697
"477","Bois",2015-04-22,NA,NA,0.686962665572623
"478","Bois",2015-04-23,NA,NA,0.697043785423549
"479","Bois",2015-04-24,0.707124905274475,1504192.016,0.707124905274475
"480","Bois",2015-04-25,NA,NA,0.710619229228167
"481","Bois",2015-04-26,NA,NA,0.714113553181858
"482","Bois",2015-04-27,NA,NA,0.717607877135549
"483","Bois",2015-04-28,NA,NA,0.72110220108924
"484","Bois",2015-04-29,NA,NA,0.724596525042932
"485","Bois",2015-04-30,NA,NA,0.728090848996623
"486","Bois",2015-05-01,NA,NA,0.731585172950314
"487","Bois",2015-05-02,NA,NA,0.735079496904006
"488","Bois",2015-05-03,NA,NA,0.738573820857697
"489","Bois",2015-05-04,NA,NA,0.742068144811388
"490","Bois",2015-05-05,NA,NA,0.74556246876508
"491","Bois",2015-05-06,NA,NA,0.749056792718771
"492","Bois",2015-05-07,NA,NA,0.752551116672462
"493","Bois",2015-05-08,NA,NA,0.756045440626154
"494","Bois",2015-05-09,NA,NA,0.759539764579845
"495","Bois",2015-05-10,0.763034088533536,1504192.016,0.763034088533536
"496","Bois",2015-05-11,NA,NA,0.76587372225101
"497","Bois",2015-05-12,NA,NA,0.768713355968484
"498","Bois",2015-05-13,NA,NA,0.771552989685958
"499","Bois",2015-05-14,NA,NA,0.774392623403432
"500","Bois",2015-05-15,NA,NA,0.777232257120905
"501","Bois",2015-05-16,NA,NA,0.780071890838379
"502","Bois",2015-05-17,NA,NA,0.782911524555853
"503","Bois",2015-05-18,NA,NA,0.785751158273327
"504","Bois",2015-05-19,NA,NA,0.7885907919908
"505","Bois",2015-05-20,NA,NA,0.791430425708274
"506","Bois",2015-05-21,NA,NA,0.794270059425748
"507","Bois",2015-05-22,NA,NA,0.797109693143222
"508","Bois",2015-05-23,NA,NA,0.799949326860696
"509","Bois",2015-05-24,NA,NA,0.80278896057817
"510","Bois",2015-05-25,NA,NA,0.805628594295643
"511","Bois",2015-05-26,NA,NA,0.808468228013117
"512","Bois",2015-05-27,NA,NA,0.811307861730591
"513","Bois",2015-05-28,NA,NA,0.814147495448065
"514","Bois",2015-05-29,NA,NA,0.816987129165538
"515","Bois",2015-05-30,NA,NA,0.819826762883012
"516","Bois",2015-05-31,NA,NA,0.822666396600486
"517","Bois",2015-06-01,NA,NA,0.82550603031796
"518","Bois",2015-06-02,NA,NA,0.828345664035434
"519","Bois",2015-06-03,NA,NA,0.831185297752907
"520","Bois",2015-06-04,0.834024931470381,1504192.016,0.834024931470381
"521","Bois",2015-06-05,NA,NA,0.83015327080419
"522","Bois",2015-06-06,NA,NA,0.826281610138
"523","Bois",2015-06-07,NA,NA,0.822409949471809
"524","Bois",2015-06-08,NA,NA,0.818538288805618
"525","Bois",2015-06-09,NA,NA,0.814666628139428
"526","Bois",2015-06-10,NA,NA,0.810794967473237
"527","Bois",2015-06-11,0.806923306807046,1504192.016,0.806923306807046
"528","Bois",2015-06-12,NA,NA,0.806226375076458
"529","Bois",2015-06-13,NA,NA,0.805529443345869
"530","Bois",2015-06-14,NA,NA,0.804832511615281
"531","Bois",2015-06-15,NA,NA,0.804135579884692
"532","Bois",2015-06-16,NA,NA,0.803438648154104
"533","Bois",2015-06-17,NA,NA,0.802741716423515
"534","Bois",2015-06-18,NA,NA,0.802044784692927
"535","Bois",2015-06-19,NA,NA,0.801347852962338
"536","Bois",2015-06-20,NA,NA,0.80065092123175
"537","Bois",2015-06-21,NA,NA,0.799953989501161
"538","Bois",2015-06-22,NA,NA,0.799257057770573
"539","Bois",2015-06-23,NA,NA,0.798560126039984
"540","Bois",2015-06-24,NA,NA,0.797863194309396
"541","Bois",2015-06-25,NA,NA,0.797166262578807
"542","Bois",2015-06-26,NA,NA,0.796469330848218
"543","Bois",2015-06-27,NA,NA,0.79577239911763
"544","Bois",2015-06-28,NA,NA,0.795075467387041
"545","Bois",2015-06-29,NA,NA,0.794378535656453
"546","Bois",2015-06-30,NA,NA,0.793681603925864
"547","Bois",2015-07-01,NA,NA,0.792984672195276
"548","Bois",2015-07-02,NA,NA,0.792287740464687
"549","Bois",2015-07-03,NA,NA,0.791590808734099
"550","Bois",2015-07-04,NA,NA,0.79089387700351
"551","Bois",2015-07-05,NA,NA,0.790196945272922
"552","Bois",2015-07-06,0.789500013542333,1504192.016,0.789500013542333
"553","Bois",2015-07-07,NA,NA,0.782177651278135
"554","Bois",2015-07-08,NA,NA,0.774855289013937
"555","Bois",2015-07-09,NA,NA,0.767532926749739
"556","Bois",2015-07-10,NA,NA,0.760210564485541
"557","Bois",2015-07-11,NA,NA,0.752888202221342
"558","Bois",2015-07-12,NA,NA,0.745565839957144
"559","Bois",2015-07-13,NA,NA,0.738243477692946
"560","Bois",2015-07-14,NA,NA,0.730921115428748
"561","Bois",2015-07-15,NA,NA,0.72359875316455
"562","Bois",2015-07-16,NA,NA,0.716276390900352
"563","Bois",2015-07-17,NA,NA,0.708954028636154
"564","Bois",2015-07-18,NA,NA,0.701631666371956
"565","Bois",2015-07-19,NA,NA,0.694309304107757
"566","Bois",2015-07-20,NA,NA,0.686986941843559
"567","Bois",2015-07-21,NA,NA,0.679664579579361
"568","Bois",2015-07-22,0.672342217315163,1504192.016,0.672342217315163
"569","Bois",2015-07-23,NA,NA,0.67522913368679
"570","Bois",2015-07-24,NA,NA,0.678116050058417
"571","Bois",2015-07-25,NA,NA,0.681002966430044
"572","Bois",2015-07-26,NA,NA,0.683889882801672
"573","Bois",2015-07-27,NA,NA,0.686776799173299
"574","Bois",2015-07-28,NA,NA,0.689663715544926
"575","Bois",2015-07-29,NA,NA,0.692550631916553
"576","Bois",2015-07-30,NA,NA,0.69543754828818
"577","Bois",2015-07-31,NA,NA,0.698324464659808
"578","Bois",2015-08-01,NA,NA,0.701211381031435
"579","Bois",2015-08-02,NA,NA,0.704098297403062
"580","Bois",2015-08-03,NA,NA,0.706985213774689
"581","Bois",2015-08-04,NA,NA,0.709872130146316
"582","Bois",2015-08-05,NA,NA,0.712759046517944
"583","Bois",2015-08-06,NA,NA,0.715645962889571
"584","Bois",2015-08-07,0.718532879261198,1504192.016,0.718532879261198
"585","Bois",2015-08-08,NA,NA,0.709992306735002
"586","Bois",2015-08-09,NA,NA,0.701451734208807
"587","Bois",2015-08-10,NA,NA,0.692911161682611
"588","Bois",2015-08-11,NA,NA,0.684370589156416
"589","Bois",2015-08-12,NA,NA,0.67583001663022
"590","Bois",2015-08-13,NA,NA,0.667289444104025
"591","Bois",2015-08-14,0.658748871577829,1504192.016,0.658748871577829
"592","Bois",2015-08-15,NA,NA,0.665922393341614
"593","Bois",2015-08-16,NA,NA,0.6730959151054
"594","Bois",2015-08-17,NA,NA,0.680269436869185
"595","Bois",2015-08-18,NA,NA,0.68744295863297
"596","Bois",2015-08-19,NA,NA,0.694616480396755
"597","Bois",2015-08-20,NA,NA,0.70179000216054
"598","Bois",2015-08-21,NA,NA,0.708963523924325
"599","Bois",2015-08-22,NA,NA,0.71613704568811
"600","Bois",2015-08-23,NA,NA,0.723310567451895
"601","Bois",2015-08-24,NA,NA,0.73048408921568
"602","Bois",2015-08-25,NA,NA,0.737657610979466
"603","Bois",2015-08-26,NA,NA,0.744831132743251
"604","Bois",2015-08-27,NA,NA,0.752004654507036
"605","Bois",2015-08-28,NA,NA,0.759178176270821
"606","Bois",2015-08-29,NA,NA,0.766351698034606
"607","Bois",2015-08-30,0.773525219798391,1504192.016,0.773525219798391
"608","Bois",2015-08-31,NA,NA,0.77498866414114
"609","Bois",2015-09-01,NA,NA,0.776452108483889
"610","Bois",2015-09-02,NA,NA,0.777915552826638
"611","Bois",2015-09-03,NA,NA,0.779378997169388
"612","Bois",2015-09-04,NA,NA,0.780842441512137
"613","Bois",2015-09-05,NA,NA,0.782305885854886
"614","Bois",2015-09-06,NA,NA,0.783769330197635
"615","Bois",2015-09-07,NA,NA,0.785232774540384
"616","Bois",2015-09-08,NA,NA,0.786696218883133
"617","Bois",2015-09-09,NA,NA,0.788159663225882
"618","Bois",2015-09-10,NA,NA,0.789623107568631
"619","Bois",2015-09-11,NA,NA,0.79108655191138
"620","Bois",2015-09-12,NA,NA,0.792549996254129
"621","Bois",2015-09-13,NA,NA,0.794013440596878
"622","Bois",2015-09-14,NA,NA,0.795476884939628
"623","Bois",2015-09-15,NA,NA,0.796940329282377
"624","Bois",2015-09-16,NA,NA,0.798403773625126
"625","Bois",2015-09-17,NA,NA,0.799867217967875
"626","Bois",2015-09-18,NA,NA,0.801330662310624
"627","Bois",2015-09-19,NA,NA,0.802794106653373
"628","Bois",2015-09-20,NA,NA,0.804257550996122
"629","Bois",2015-09-21,NA,NA,0.805720995338871
"630","Bois",2015-09-22,NA,NA,0.80718443968162
"631","Bois",2015-09-23,NA,NA,0.808647884024369
"632","Bois",2015-09-24,0.810111328367118,1504192.016,0.810111328367118
"633","Bois",2015-09-25,NA,NA,0.803784287158405
"634","Bois",2015-09-26,NA,NA,0.797457245949691
"635","Bois",2015-09-27,NA,NA,0.791130204740977
"636","Bois",2015-09-28,NA,NA,0.784803163532264
"637","Bois",2015-09-29,NA,NA,0.77847612232355
"638","Bois",2015-09-30,NA,NA,0.772149081114836
"639","Bois",2015-10-01,0.765822039906123,1504192.016,0.765822039906123
"640","Bois",2015-10-02,NA,NA,0.759397825129376
"641","Bois",2015-10-03,NA,NA,0.752973610352629
"642","Bois",2015-10-04,NA,NA,0.746549395575882
"643","Bois",2015-10-05,NA,NA,0.740125180799135
"644","Bois",2015-10-06,NA,NA,0.733700966022388
"645","Bois",2015-10-07,NA,NA,0.727276751245642
"646","Bois",2015-10-08,NA,NA,0.720852536468895
"647","Bois",2015-10-09,NA,NA,0.714428321692148
"648","Bois",2015-10-10,NA,NA,0.708004106915401
"649","Bois",2015-10-11,NA,NA,0.701579892138654
"650","Bois",2015-10-12,NA,NA,0.695155677361908
"651","Bois",2015-10-13,NA,NA,0.688731462585161
"652","Bois",2015-10-14,NA,NA,0.682307247808414
"653","Bois",2015-10-15,NA,NA,0.675883033031667
"654","Bois",2015-10-16,NA,NA,0.66945881825492
"655","Bois",2015-10-17,NA,NA,0.663034603478174
"656","Bois",2015-10-18,NA,NA,0.656610388701427
"657","Bois",2015-10-19,NA,NA,0.65018617392468
"658","Bois",2015-10-20,NA,NA,0.643761959147933
"659","Bois",2015-10-21,NA,NA,0.637337744371186
"660","Bois",2015-10-22,NA,NA,0.63091352959444
"661","Bois",2015-10-23,NA,NA,0.624489314817693
"662","Bois",2015-10-24,NA,NA,0.618065100040946
"663","Bois",2015-10-25,NA,NA,0.611640885264199
"664","Bois",2015-10-26,0.605216670487452,1504192.016,0.605216670487452
"665","Bois",2015-10-27,NA,NA,0.604986862385244
"666","Bois",2015-10-28,NA,NA,0.604757054283036
"667","Bois",2015-10-29,NA,NA,0.604527246180828
"668","Bois",2015-10-30,NA,NA,0.60429743807862
"669","Bois",2015-10-31,NA,NA,0.604067629976411
"670","Bois",2015-11-01,NA,NA,0.603837821874203
"671","Bois",2015-11-02,NA,NA,0.603608013771995
"672","Bois",2015-11-03,NA,NA,0.603378205669787
"673","Bois",2015-11-04,NA,NA,0.603148397567579
"674","Bois",2015-11-05,NA,NA,0.60291858946537
"675","Bois",2015-11-06,NA,NA,0.602688781363162
"676","Bois",2015-11-07,NA,NA,0.602458973260954
"677","Bois",2015-11-08,NA,NA,0.602229165158746
"678","Bois",2015-11-09,NA,NA,0.601999357056538
"679","Bois",2015-11-10,NA,NA,0.601769548954329
"680","Bois",2015-11-11,0.601539740852121,1504192.016,0.601539740852121
"681","Bois",2015-11-12,NA,NA,0.600410151225155
"682","Bois",2015-11-13,NA,NA,0.599280561598188
"683","Bois",2015-11-14,NA,NA,0.598150971971222
"684","Bois",2015-11-15,NA,NA,0.597021382344255
"685","Bois",2015-11-16,NA,NA,0.595891792717289
"686","Bois",2015-11-17,NA,NA,0.594762203090322
"687","Bois",2015-11-18,0.593632613463356,1504192.016,0.593632613463356
"688","Bois",2015-11-19,NA,NA,0.599119096878513
"689","Bois",2015-11-20,NA,NA,0.60460558029367
"690","Bois",2015-11-21,NA,NA,0.610092063708826
"691","Bois",2015-11-22,NA,NA,0.615578547123983
"692","Bois",2015-11-23,NA,NA,0.62106503053914
"693","Bois",2015-11-24,NA,NA,0.626551513954297
"694","Bois",2015-11-25,NA,NA,0.632037997369454
"695","Bois",2015-11-26,NA,NA,0.637524480784611
"696","Bois",2015-11-27,0.643010964199768,1504192.016,0.643010964199768
"697","Bois",2015-11-28,NA,NA,0.640309123409107
"698","Bois",2015-11-29,NA,NA,0.637607282618446
"699","Bois",2015-11-30,NA,NA,0.634905441827785
"700","Bois",2015-12-01,NA,NA,0.632203601037124
"701","Bois",2015-12-02,NA,NA,0.629501760246463
"702","Bois",2015-12-03,NA,NA,0.626799919455802
"703","Bois",2015-12-04,NA,NA,0.624098078665141
"704","Bois",2015-12-05,NA,NA,0.62139623787448
"705","Bois",2015-12-06,NA,NA,0.61869439708382
"706","Bois",2015-12-07,NA,NA,0.615992556293159
"707","Bois",2015-12-08,NA,NA,0.613290715502498
"708","Bois",2015-12-09,NA,NA,0.610588874711837
"709","Bois",2015-12-10,NA,NA,0.607887033921176
"710","Bois",2015-12-11,NA,NA,0.605185193130515
"711","Bois",2015-12-12,NA,NA,0.602483352339854
"712","Bois",2015-12-13,NA,NA,0.599781511549193
"713","Bois",2015-12-14,NA,NA,0.597079670758532
"714","Bois",2015-12-15,NA,NA,0.594377829967871
"715","Bois",2015-12-16,NA,NA,0.59167598917721
"716","Bois",2015-12-17,NA,NA,0.58897414838655
"717","Bois",2015-12-18,NA,NA,0.586272307595889
"718","Bois",2015-12-19,NA,NA,0.583570466805228
"719","Bois",2015-12-20,0.580868626014567,1504192.016,0.580868626014567
"720","Bois",2015-12-21,NA,NA,0.587202095161926
"721","Bois",2015-12-22,NA,NA,0.593535564309285
"722","Bois",2015-12-23,NA,NA,0.599869033456644
"723","Bois",2015-12-24,NA,NA,0.606202502604003
"724","Bois",2015-12-25,NA,NA,0.612535971751363
"725","Bois",2015-12-26,NA,NA,0.618869440898722
"726","Bois",2015-12-27,NA,NA,0.625202910046081
"727","Bois",2015-12-28,NA,NA,0.63153637919344
"728","Bois",2015-12-29,0.637869848340799,1504192.016,0.637869848340799
"729","Bois",2015-12-30,NA,NA,0.637869848340799
"730","Bois",2015-12-31,NA,NA,0.637869848340799
"731","Urbain",2015-01-01,NA,NA,0.414849720111495
"732","Urbain",2015-01-02,NA,NA,0.414849720111495
"733","Urbain",2015-01-03,NA,NA,0.414849720111495
"734","Urbain",2015-01-04,NA,NA,0.414849720111495
"735","Urbain",2015-01-05,NA,NA,0.414849720111495
"736","Urbain",2015-01-06,NA,NA,0.414849720111495
"737","Urbain",2015-01-07,NA,NA,0.414849720111495
"738","Urbain",2015-01-08,NA,NA,0.414849720111495
"739","Urbain",2015-01-09,NA,NA,0.414849720111495
"740","Urbain",2015-01-10,NA,NA,0.414849720111495
"741","Urbain",2015-01-11,NA,NA,0.414849720111495
"742","Urbain",2015-01-12,NA,NA,0.414849720111495
"743","Urbain",2015-01-13,NA,NA,0.414849720111495
"744","Urbain",2015-01-14,NA,NA,0.414849720111495
"745","Urbain",2015-01-15,NA,NA,0.414849720111495
"746","Urbain",2015-01-16,NA,NA,0.414849720111495
"747","Urbain",2015-01-17,NA,NA,0.414849720111495
"748","Urbain",2015-01-18,0.414849720111495,1209849.278,0.414849720111495
"749","Urbain",2015-01-19,NA,NA,0.388481074539531
"750","Urbain",2015-01-20,NA,NA,0.362112428967567
"751","Urbain",2015-01-21,NA,NA,0.335743783395603
"752","Urbain",2015-01-22,NA,NA,0.30937513782364
"753","Urbain",2015-01-23,NA,NA,0.283006492251676
"754","Urbain",2015-01-24,NA,NA,0.256637846679712
"755","Urbain",2015-01-25,NA,NA,0.230269201107748
"756","Urbain",2015-01-26,NA,NA,0.203900555535784
"757","Urbain",2015-01-27,NA,NA,0.17753190996382
"758","Urbain",2015-01-28,NA,NA,0.151163264391857
"759","Urbain",2015-01-29,NA,NA,0.124794618819893
"760","Urbain",2015-01-30,NA,NA,0.098425973247929
"761","Urbain",2015-01-31,NA,NA,0.0720573276759651
"762","Urbain",2015-02-01,NA,NA,0.0456886821040013
"763","Urbain",2015-02-02,NA,NA,0.0193200365320375
"764","Urbain",2015-02-03,-0.00704860903992638,1209849.278,-0.00704860903992638
"765","Urbain",2015-02-04,NA,NA,0.0471150434499249
"766","Urbain",2015-02-05,NA,NA,0.101278695939776
"767","Urbain",2015-02-06,NA,NA,0.155442348429627
"768","Urbain",2015-02-07,NA,NA,0.209606000919479
"769","Urbain",2015-02-08,NA,NA,0.26376965340933
"770","Urbain",2015-02-09,NA,NA,0.317933305899181
"771","Urbain",2015-02-10,NA,NA,0.372096958389032
"772","Urbain",2015-02-11,NA,NA,0.426260610878884
"773","Urbain",2015-02-12,0.480424263368735,1209849.278,0.480424263368735
"774","Urbain",2015-02-13,NA,NA,0.478430054071365
"775","Urbain",2015-02-14,NA,NA,0.476435844773995
"776","Urbain",2015-02-15,NA,NA,0.474441635476624
"777","Urbain",2015-02-16,NA,NA,0.472447426179254
"778","Urbain",2015-02-17,NA,NA,0.470453216881884
"779","Urbain",2015-02-18,NA,NA,0.468459007584514
"780","Urbain",2015-02-19,NA,NA,0.466464798287144
"781","Urbain",2015-02-20,NA,NA,0.464470588989774
"782","Urbain",2015-02-21,NA,NA,0.462476379692404
"783","Urbain",2015-02-22,NA,NA,0.460482170395034
"784","Urbain",2015-02-23,NA,NA,0.458487961097663
"785","Urbain",2015-02-24,NA,NA,0.456493751800293
"786","Urbain",2015-02-25,NA,NA,0.454499542502923
"787","Urbain",2015-02-26,NA,NA,0.452505333205553
"788","Urbain",2015-02-27,NA,NA,0.450511123908183
"789","Urbain",2015-02-28,0.448516914610813,1209849.278,0.448516914610813
"790","Urbain",2015-03-01,NA,NA,0.450289852485882
"791","Urbain",2015-03-02,NA,NA,0.452062790360951
"792","Urbain",2015-03-03,NA,NA,0.45383572823602
"793","Urbain",2015-03-04,NA,NA,0.455608666111089
"794","Urbain",2015-03-05,NA,NA,0.457381603986159
"795","Urbain",2015-03-06,NA,NA,0.459154541861228
"796","Urbain",2015-03-07,NA,NA,0.460927479736297
"797","Urbain",2015-03-08,NA,NA,0.462700417611366
"798","Urbain",2015-03-09,NA,NA,0.464473355486435
"799","Urbain",2015-03-10,NA,NA,0.466246293361504
"800","Urbain",2015-03-11,NA,NA,0.468019231236574
"801","Urbain",2015-03-12,NA,NA,0.469792169111643
"802","Urbain",2015-03-13,NA,NA,0.471565106986712
"803","Urbain",2015-03-14,NA,NA,0.473338044861781
"804","Urbain",2015-03-15,NA,NA,0.47511098273685
"805","Urbain",2015-03-16,NA,NA,0.476883920611919
"806","Urbain",2015-03-17,NA,NA,0.478656858486988
"807","Urbain",2015-03-18,NA,NA,0.480429796362058
"808","Urbain",2015-03-19,NA,NA,0.482202734237127
"809","Urbain",2015-03-20,NA,NA,0.483975672112196
"810","Urbain",2015-03-21,NA,NA,0.485748609987265
"811","Urbain",2015-03-22,NA,NA,0.487521547862334
"812","Urbain",2015-03-23,NA,NA,0.489294485737403
"813","Urbain",2015-03-24,NA,NA,0.491067423612472
"814","Urbain",2015-03-25,NA,NA,0.492840361487542
"815","Urbain",2015-03-26,NA,NA,0.494613299362611
"816","Urbain",2015-03-27,NA,NA,0.49638623723768
"817","Urbain",2015-03-28,NA,NA,0.498159175112749
"818","Urbain",2015-03-29,NA,NA,0.499932112987818
"819","Urbain",2015-03-30,NA,NA,0.501705050862887
"820","Urbain",2015-03-31,NA,NA,0.503477988737956
"821","Urbain",2015-04-01,NA,NA,0.505250926613026
"822","Urbain",2015-04-02,NA,NA,0.507023864488095
"823","Urbain",2015-04-03,NA,NA,0.508796802363164
"824","Urbain",2015-04-04,NA,NA,0.510569740238233
"825","Urbain",2015-04-05,NA,NA,0.512342678113302
"826","Urbain",2015-04-06,NA,NA,0.514115615988371
"827","Urbain",2015-04-07,NA,NA,0.51588855386344
"828","Urbain",2015-04-08,0.51766149173851,1209849.278,0.51766149173851
"829","Urbain",2015-04-09,NA,NA,0.524434523378867
"830","Urbain",2015-04-10,NA,NA,0.531207555019225
"831","Urbain",2015-04-11,NA,NA,0.537980586659583
"832","Urbain",2015-04-12,NA,NA,0.544753618299941
"833","Urbain",2015-04-13,NA,NA,0.551526649940299
"834","Urbain",2015-04-14,NA,NA,0.558299681580657
"835","Urbain",2015-04-15,NA,NA,0.565072713221014
"836","Urbain",2015-04-16,NA,NA,0.571845744861372
"837","Urbain",2015-04-17,NA,NA,0.57861877650173
"838","Urbain",2015-04-18,NA,NA,0.585391808142088
"839","Urbain",2015-04-19,NA,NA,0.592164839782446
"840","Urbain",2015-04-20,NA,NA,0.598937871422804
"841","Urbain",2015-04-21,NA,NA,0.605710903063161
"842","Urbain",2015-04-22,NA,NA,0.612483934703519
"843","Urbain",2015-04-23,NA,NA,0.619256966343877
"844","Urbain",2015-04-24,0.626029997984235,1209849.278,0.626029997984235
"845","Urbain",2015-04-25,NA,NA,0.631735901996111
"846","Urbain",2015-04-26,NA,NA,0.637441806007988
"847","Urbain",2015-04-27,NA,NA,0.643147710019864
"848","Urbain",2015-04-28,NA,NA,0.648853614031741
"849","Urbain",2015-04-29,NA,NA,0.654559518043617
"850","Urbain",2015-04-30,NA,NA,0.660265422055494
"851","Urbain",2015-05-01,NA,NA,0.66597132606737
"852","Urbain",2015-05-02,NA,NA,0.671677230079247
"853","Urbain",2015-05-03,NA,NA,0.677383134091123
"854","Urbain",2015-05-04,NA,NA,0.683089038103
"855","Urbain",2015-05-05,NA,NA,0.688794942114876
"856","Urbain",2015-05-06,NA,NA,0.694500846126753
"857","Urbain",2015-05-07,NA,NA,0.700206750138629
"858","Urbain",2015-05-08,NA,NA,0.705912654150506
"859","Urbain",2015-05-09,NA,NA,0.711618558162382
"860","Urbain",2015-05-10,0.717324462174259,1209849.278,0.717324462174259
"861","Urbain",2015-05-11,NA,NA,0.714179691610103
"862","Urbain",2015-05-12,NA,NA,0.711034921045947
"863","Urbain",2015-05-13,NA,NA,0.707890150481791
"864","Urbain",2015-05-14,NA,NA,0.704745379917635
"865","Urbain",2015-05-15,NA,NA,0.701600609353479
"866","Urbain",2015-05-16,NA,NA,0.698455838789323
"867","Urbain",2015-05-17,NA,NA,0.695311068225167
"868","Urbain",2015-05-18,NA,NA,0.692166297661011
"869","Urbain",2015-05-19,NA,NA,0.689021527096855
"870","Urbain",2015-05-20,NA,NA,0.685876756532699
"871","Urbain",2015-05-21,NA,NA,0.682731985968543
"872","Urbain",2015-05-22,NA,NA,0.679587215404387
"873","Urbain",2015-05-23,NA,NA,0.676442444840232
"874","Urbain",2015-05-24,NA,NA,0.673297674276076
"875","Urbain",2015-05-25,NA,NA,0.67015290371192
"876","Urbain",2015-05-26,NA,NA,0.667008133147764
"877","Urbain",2015-05-27,NA,NA,0.663863362583608
"878","Urbain",2015-05-28,NA,NA,0.660718592019452
"879","Urbain",2015-05-29,NA,NA,0.657573821455296
"880","Urbain",2015-05-30,NA,NA,0.65442905089114
"881","Urbain",2015-05-31,NA,NA,0.651284280326984
"882","Urbain",2015-06-01,NA,NA,0.648139509762828
"883","Urbain",2015-06-02,NA,NA,0.644994739198672
"884","Urbain",2015-06-03,NA,NA,0.641849968634516
"885","Urbain",2015-06-04,0.63870519807036,1209849.278,0.63870519807036
"886","Urbain",2015-06-05,NA,NA,0.646830734984851
"887","Urbain",2015-06-06,NA,NA,0.654956271899341
"888","Urbain",2015-06-07,NA,NA,0.663081808813832
"889","Urbain",2015-06-08,NA,NA,0.671207345728323
"890","Urbain",2015-06-09,NA,NA,0.679332882642813
"891","Urbain",2015-06-10,NA,NA,0.687458419557304
"892","Urbain",2015-06-11,0.695583956471794,1209849.278,0.695583956471794
"893","Urbain",2015-06-12,NA,NA,0.689323215828826
"894","Urbain",2015-06-13,NA,NA,0.683062475185859
"895","Urbain",2015-06-14,NA,NA,0.676801734542891
"896","Urbain",2015-06-15,NA,NA,0.670540993899924
"897","Urbain",2015-06-16,NA,NA,0.664280253256956
"898","Urbain",2015-06-17,NA,NA,0.658019512613988
"899","Urbain",2015-06-18,NA,NA,0.651758771971021
"900","Urbain",2015-06-19,NA,NA,0.645498031328053
"901","Urbain",2015-06-20,NA,NA,0.639237290685085
"902","Urbain",2015-06-21,NA,NA,0.632976550042118
"903","Urbain",2015-06-22,NA,NA,0.62671580939915
"904","Urbain",2015-06-23,NA,NA,0.620455068756182
"905","Urbain",2015-06-24,NA,NA,0.614194328113215
"906","Urbain",2015-06-25,NA,NA,0.607933587470247
"907","Urbain",2015-06-26,NA,NA,0.601672846827279
"908","Urbain",2015-06-27,NA,NA,0.595412106184312
"909","Urbain",2015-06-28,NA,NA,0.589151365541344
"910","Urbain",2015-06-29,NA,NA,0.582890624898377
"911","Urbain",2015-06-30,NA,NA,0.576629884255409
"912","Urbain",2015-07-01,NA,NA,0.570369143612441
"913","Urbain",2015-07-02,NA,NA,0.564108402969474
"914","Urbain",2015-07-03,NA,NA,0.557847662326506
"915","Urbain",2015-07-04,NA,NA,0.551586921683538
"916","Urbain",2015-07-05,NA,NA,0.545326181040571
"917","Urbain",2015-07-06,0.539065440397603,1209849.278,0.539065440397603
"918","Urbain",2015-07-07,NA,NA,0.535532346818086
"919","Urbain",2015-07-08,NA,NA,0.531999253238569
"920","Urbain",2015-07-09,NA,NA,0.528466159659053
"921","Urbain",2015-07-10,NA,NA,0.524933066079536
"922","Urbain",2015-07-11,NA,NA,0.521399972500019
"923","Urbain",2015-07-12,NA,NA,0.517866878920502
"924","Urbain",2015-07-13,NA,NA,0.514333785340986
"925","Urbain",2015-07-14,NA,NA,0.510800691761469
"926","Urbain",2015-07-15,NA,NA,0.507267598181952
"927","Urbain",2015-07-16,NA,NA,0.503734504602435
"928","Urbain",2015-07-17,NA,NA,0.500201411022918
"929","Urbain",2015-07-18,NA,NA,0.496668317443402
"930","Urbain",2015-07-19,NA,NA,0.493135223863885
"931","Urbain",2015-07-20,NA,NA,0.489602130284368
"932","Urbain",2015-07-21,NA,NA,0.486069036704851
"933","Urbain",2015-07-22,0.482535943125335,1209849.278,0.482535943125335
"934","Urbain",2015-07-23,NA,NA,0.477866531055911
"935","Urbain",2015-07-24,NA,NA,0.473197118986488
"936","Urbain",2015-07-25,NA,NA,0.468527706917065
"937","Urbain",2015-07-26,NA,NA,0.463858294847642
"938","Urbain",2015-07-27,NA,NA,0.459188882778218
"939","Urbain",2015-07-28,NA,NA,0.454519470708795
"940","Urbain",2015-07-29,NA,NA,0.449850058639372
"941","Urbain",2015-07-30,NA,NA,0.445180646569948
"942","Urbain",2015-07-31,NA,NA,0.440511234500525
"943","Urbain",2015-08-01,NA,NA,0.435841822431102
"944","Urbain",2015-08-02,NA,NA,0.431172410361679
"945","Urbain",2015-08-03,NA,NA,0.426502998292255
"946","Urbain",2015-08-04,NA,NA,0.421833586222832
"947","Urbain",2015-08-05,NA,NA,0.417164174153409
"948","Urbain",2015-08-06,NA,NA,0.412494762083986
"949","Urbain",2015-08-07,0.407825350014562,1209849.278,0.407825350014562
"950","Urbain",2015-08-08,NA,NA,0.412143235509186
"951","Urbain",2015-08-09,NA,NA,0.41646112100381
"952","Urbain",2015-08-10,NA,NA,0.420779006498433
"953","Urbain",2015-08-11,NA,NA,0.425096891993057
"954","Urbain",2015-08-12,NA,NA,0.42941477748768
"955","Urbain",2015-08-13,NA,NA,0.433732662982304
"956","Urbain",2015-08-14,0.438050548476928,1209849.278,0.438050548476928
"957","Urbain",2015-08-15,NA,NA,0.44199094881104
"958","Urbain",2015-08-16,NA,NA,0.445931349145152
"959","Urbain",2015-08-17,NA,NA,0.449871749479264
"960","Urbain",2015-08-18,NA,NA,0.453812149813376
"961","Urbain",2015-08-19,NA,NA,0.457752550147489
"962","Urbain",2015-08-20,NA,NA,0.461692950481601
"963","Urbain",2015-08-21,NA,NA,0.465633350815713
"964","Urbain",2015-08-22,NA,NA,0.469573751149825
"965","Urbain",2015-08-23,NA,NA,0.473514151483937
"966","Urbain",2015-08-24,NA,NA,0.47745455181805
"967","Urbain",2015-08-25,NA,NA,0.481394952152162
"968","Urbain",2015-08-26,NA,NA,0.485335352486274
"969","Urbain",2015-08-27,NA,NA,0.489275752820386
"970","Urbain",2015-08-28,NA,NA,0.493216153154499
"971","Urbain",2015-08-29,NA,NA,0.497156553488611
"972","Urbain",2015-08-30,0.501096953822723,1209849.278,0.501096953822723
"973","Urbain",2015-08-31,NA,NA,0.503298835903501
"974","Urbain",2015-09-01,NA,NA,0.505500717984278
"975","Urbain",2015-09-02,NA,NA,0.507702600065056
"976","Urbain",2015-09-03,NA,NA,0.509904482145833
"977","Urbain",2015-09-04,NA,NA,0.512106364226611
"978","Urbain",2015-09-05,NA,NA,0.514308246307388
"979","Urbain",2015-09-06,NA,NA,0.516510128388166
"980","Urbain",2015-09-07,NA,NA,0.518712010468943
"981","Urbain",2015-09-08,NA,NA,0.520913892549721
"982","Urbain",2015-09-09,NA,NA,0.523115774630498
"983","Urbain",2015-09-10,NA,NA,0.525317656711276
"984","Urbain",2015-09-11,NA,NA,0.527519538792053
"985","Urbain",2015-09-12,NA,NA,0.529721420872831
"986","Urbain",2015-09-13,NA,NA,0.531923302953609
"987","Urbain",2015-09-14,NA,NA,0.534125185034386
"988","Urbain",2015-09-15,NA,NA,0.536327067115164
"989","Urbain",2015-09-16,NA,NA,0.538528949195941
"990","Urbain",2015-09-17,NA,NA,0.540730831276719
"991","Urbain",2015-09-18,NA,NA,0.542932713357496
"992","Urbain",2015-09-19,NA,NA,0.545134595438274
"993","Urbain",2015-09-20,NA,NA,0.547336477519051
"994","Urbain",2015-09-21,NA,NA,0.549538359599829
"995","Urbain",2015-09-22,NA,NA,0.551740241680606
"996","Urbain",2015-09-23,NA,NA,0.553942123761384
"997","Urbain",2015-09-24,0.556144005842162,1209849.278,0.556144005842162
"998","Urbain",2015-09-25,NA,NA,0.553978403916803
"999","Urbain",2015-09-26,NA,NA,0.551812801991444
"1000","Urbain",2015-09-27,NA,NA,0.549647200066085
"1001","Urbain",2015-09-28,NA,NA,0.547481598140726
"1002","Urbain",2015-09-29,NA,NA,0.545315996215367
"1003","Urbain",2015-09-30,NA,NA,0.543150394290008
"1004","Urbain",2015-10-01,0.540984792364649,1209849.278,0.540984792364649
"1005","Urbain",2015-10-02,NA,NA,0.538407882711035
"1006","Urbain",2015-10-03,NA,NA,0.535830973057421
"1007","Urbain",2015-10-04,NA,NA,0.533254063403807
"1008","Urbain",2015-10-05,NA,NA,0.530677153750193
"1009","Urbain",2015-10-06,NA,NA,0.52810024409658
"1010","Urbain",2015-10-07,NA,NA,0.525523334442966
"1011","Urbain",2015-10-08,NA,NA,0.522946424789352
"1012","Urbain",2015-10-09,NA,NA,0.520369515135738
"1013","Urbain",2015-10-10,NA,NA,0.517792605482124
"1014","Urbain",2015-10-11,NA,NA,0.51521569582851
"1015","Urbain",2015-10-12,NA,NA,0.512638786174896
"1016","Urbain",2015-10-13,NA,NA,0.510061876521282
"1017","Urbain",2015-10-14,NA,NA,0.507484966867668
"1018","Urbain",2015-10-15,NA,NA,0.504908057214054
"1019","Urbain",2015-10-16,NA,NA,0.50233114756044
"1020","Urbain",2015-10-17,NA,NA,0.499754237906826
"1021","Urbain",2015-10-18,NA,NA,0.497177328253213
"1022","Urbain",2015-10-19,NA,NA,0.494600418599599
"1023","Urbain",2015-10-20,NA,NA,0.492023508945985
"1024","Urbain",2015-10-21,NA,NA,0.489446599292371
"1025","Urbain",2015-10-22,NA,NA,0.486869689638757
"1026","Urbain",2015-10-23,NA,NA,0.484292779985143
"1027","Urbain",2015-10-24,NA,NA,0.481715870331529
"1028","Urbain",2015-10-25,NA,NA,0.479138960677915
"1029","Urbain",2015-10-26,0.476562051024301,1209849.278,0.476562051024301
"1030","Urbain",2015-10-27,NA,NA,0.482826486682775
"1031","Urbain",2015-10-28,NA,NA,0.489090922341248
"1032","Urbain",2015-10-29,NA,NA,0.495355357999722
"1033","Urbain",2015-10-30,NA,NA,0.501619793658196
"1034","Urbain",2015-10-31,NA,NA,0.507884229316669
"1035","Urbain",2015-11-01,NA,NA,0.514148664975143
"1036","Urbain",2015-11-02,NA,NA,0.520413100633616
"1037","Urbain",2015-11-03,NA,NA,0.52667753629209
"1038","Urbain",2015-11-04,NA,NA,0.532941971950563
"1039","Urbain",2015-11-05,NA,NA,0.539206407609037
"1040","Urbain",2015-11-06,NA,NA,0.54547084326751
"1041","Urbain",2015-11-07,NA,NA,0.551735278925984
"1042","Urbain",2015-11-08,NA,NA,0.557999714584458
"1043","Urbain",2015-11-09,NA,NA,0.564264150242931
"1044","Urbain",2015-11-10,NA,NA,0.570528585901405
"1045","Urbain",2015-11-11,0.576793021559878,1209849.278,0.576793021559878
"1046","Urbain",2015-11-12,NA,NA,0.563525504372778
"1047","Urbain",2015-11-13,NA,NA,0.550257987185678
"1048","Urbain",2015-11-14,NA,NA,0.536990469998577
"1049","Urbain",2015-11-15,NA,NA,0.523722952811477
"1050","Urbain",2015-11-16,NA,NA,0.510455435624377
"1051","Urbain",2015-11-17,NA,NA,0.497187918437277
"1052","Urbain",2015-11-18,0.483920401250176,1209849.278,0.483920401250176
"1053","Urbain",2015-11-19,NA,NA,0.501951089053743
"1054","Urbain",2015-11-20,NA,NA,0.51998177685731
"1055","Urbain",2015-11-21,NA,NA,0.538012464660876
"1056","Urbain",2015-11-22,NA,NA,0.556043152464443
"1057","Urbain",2015-11-23,NA,NA,0.57407384026801
"1058","Urbain",2015-11-24,NA,NA,0.592104528071576
"1059","Urbain",2015-11-25,NA,NA,0.610135215875143
"1060","Urbain",2015-11-26,NA,NA,0.62816590367871
"1061","Urbain",2015-11-27,0.646196591482276,1209849.278,0.646196591482276
"1062","Urbain",2015-11-28,NA,NA,0.642126466546775
"1063","Urbain",2015-11-29,NA,NA,0.638056341611273
"1064","Urbain",2015-11-30,NA,NA,0.633986216675771
"1065","Urbain",2015-12-01,NA,NA,0.629916091740269
"1066","Urbain",2015-12-02,NA,NA,0.625845966804767
"1067","Urbain",2015-12-03,NA,NA,0.621775841869265
"1068","Urbain",2015-12-04,NA,NA,0.617705716933763
"1069","Urbain",2015-12-05,NA,NA,0.613635591998262
"1070","Urbain",2015-12-06,NA,NA,0.60956546706276
"1071","Urbain",2015-12-07,NA,NA,0.605495342127258
"1072","Urbain",2015-12-08,NA,NA,0.601425217191756
"1073","Urbain",2015-12-09,NA,NA,0.597355092256254
"1074","Urbain",2015-12-10,NA,NA,0.593284967320752
"1075","Urbain",2015-12-11,NA,NA,0.58921484238525
"1076","Urbain",2015-12-12,NA,NA,0.585144717449748
"1077","Urbain",2015-12-13,NA,NA,0.581074592514247
"1078","Urbain",2015-12-14,NA,NA,0.577004467578745
"1079","Urbain",2015-12-15,NA,NA,0.572934342643243
"1080","Urbain",2015-12-16,NA,NA,0.568864217707741
"1081","Urbain",2015-12-17,NA,NA,0.564794092772239
"1082","Urbain",2015-12-18,NA,NA,0.560723967836737
"1083","Urbain",2015-12-19,NA,NA,0.556653842901235
"1084","Urbain",2015-12-20,0.552583717965734,1209849.278,0.552583717965734
"1085","Urbain",2015-12-21,NA,NA,0.554726319297536
"1086","Urbain",2015-12-22,NA,NA,0.556868920629338
"1087","Urbain",2015-12-23,NA,NA,0.559011521961141
"1088","Urbain",2015-12-24,NA,NA,0.561154123292943
"1089","Urbain",2015-12-25,NA,NA,0.563296724624746
"1090","Urbain",2015-12-26,NA,NA,0.565439325956548
"1091","Urbain",2015-12-27,NA,NA,0.567581927288351
"1092","Urbain",2015-12-28,NA,NA,0.569724528620153
"1093","Urbain",2015-12-29,0.571867129951956,1209849.278,0.571867129951956
"1094","Urbain",2015-12-30,NA,NA,0.571867129951956
"1095","Urbain",2015-12-31,NA,NA,0.571867129951956
"1096","Semi-naturelle mixte",2015-01-01,NA,NA,0.50300711528915
"1097","Semi-naturelle mixte",2015-01-02,NA,NA,0.50300711528915
"1098","Semi-naturelle mixte",2015-01-03,NA,NA,0.50300711528915
"1099","Semi-naturelle mixte",2015-01-04,NA,NA,0.50300711528915
"1100","Semi-naturelle mixte",2015-01-05,NA,NA,0.50300711528915
"1101","Semi-naturelle mixte",2015-01-06,NA,NA,0.50300711528915
"1102","Semi-naturelle mixte",2015-01-07,NA,NA,0.50300711528915
"1103","Semi-naturelle mixte",2015-01-08,NA,NA,0.50300711528915
"1104","Semi-naturelle mixte",2015-01-09,NA,NA,0.50300711528915
"1105","Semi-naturelle mixte",2015-01-10,NA,NA,0.50300711528915
"1106","Semi-naturelle mixte",2015-01-11,NA,NA,0.50300711528915
"1107","Semi-naturelle mixte",2015-01-12,NA,NA,0.50300711528915
"1108","Semi-naturelle mixte",2015-01-13,NA,NA,0.50300711528915
"1109","Semi-naturelle mixte",2015-01-14,NA,NA,0.50300711528915
"1110","Semi-naturelle mixte",2015-01-15,NA,NA,0.50300711528915
"1111","Semi-naturelle mixte",2015-01-16,NA,NA,0.50300711528915
"1112","Semi-naturelle mixte",2015-01-17,NA,NA,0.50300711528915
"1113","Semi-naturelle mixte",2015-01-18,0.50300711528915,811252.13,0.50300711528915
"1114","Semi-naturelle mixte",2015-01-19,NA,NA,0.471862557172138
"1115","Semi-naturelle mixte",2015-01-20,NA,NA,0.440717999055125
"1116","Semi-naturelle mixte",2015-01-21,NA,NA,0.409573440938113
"1117","Semi-naturelle mixte",2015-01-22,NA,NA,0.378428882821101
"1118","Semi-naturelle mixte",2015-01-23,NA,NA,0.347284324704089
"1119","Semi-naturelle mixte",2015-01-24,NA,NA,0.316139766587077
"1120","Semi-naturelle mixte",2015-01-25,NA,NA,0.284995208470065
"1121","Semi-naturelle mixte",2015-01-26,NA,NA,0.253850650353053
"1122","Semi-naturelle mixte",2015-01-27,NA,NA,0.222706092236041
"1123","Semi-naturelle mixte",2015-01-28,NA,NA,0.191561534119028
"1124","Semi-naturelle mixte",2015-01-29,NA,NA,0.160416976002016
"1125","Semi-naturelle mixte",2015-01-30,NA,NA,0.129272417885004
"1126","Semi-naturelle mixte",2015-01-31,NA,NA,0.0981278597679921
"1127","Semi-naturelle mixte",2015-02-01,NA,NA,0.06698330165098
"1128","Semi-naturelle mixte",2015-02-02,NA,NA,0.0358387435339678
"1129","Semi-naturelle mixte",2015-02-03,0.00469418541695571,811252.13,0.00469418541695571
"1130","Semi-naturelle mixte",2015-02-04,NA,NA,0.0651781460648542
"1131","Semi-naturelle mixte",2015-02-05,NA,NA,0.125662106712753
"1132","Semi-naturelle mixte",2015-02-06,NA,NA,0.186146067360651
"1133","Semi-naturelle mixte",2015-02-07,NA,NA,0.24663002800855
"1134","Semi-naturelle mixte",2015-02-08,NA,NA,0.307113988656448
"1135","Semi-naturelle mixte",2015-02-09,NA,NA,0.367597949304347
"1136","Semi-naturelle mixte",2015-02-10,NA,NA,0.428081909952245
"1137","Semi-naturelle mixte",2015-02-11,NA,NA,0.488565870600144
"1138","Semi-naturelle mixte",2015-02-12,0.549049831248042,811252.13,0.549049831248042
"1139","Semi-naturelle mixte",2015-02-13,NA,NA,0.541216484408496
"1140","Semi-naturelle mixte",2015-02-14,NA,NA,0.53338313756895
"1141","Semi-naturelle mixte",2015-02-15,NA,NA,0.525549790729404
"1142","Semi-naturelle mixte",2015-02-16,NA,NA,0.517716443889858
"1143","Semi-naturelle mixte",2015-02-17,NA,NA,0.509883097050312
"1144","Semi-naturelle mixte",2015-02-18,NA,NA,0.502049750210766
"1145","Semi-naturelle mixte",2015-02-19,NA,NA,0.49421640337122
"1146","Semi-naturelle mixte",2015-02-20,NA,NA,0.486383056531674
"1147","Semi-naturelle mixte",2015-02-21,NA,NA,0.478549709692128
"1148","Semi-naturelle mixte",2015-02-22,NA,NA,0.470716362852582
"1149","Semi-naturelle mixte",2015-02-23,NA,NA,0.462883016013036
"1150","Semi-naturelle mixte",2015-02-24,NA,NA,0.45504966917349
"1151","Semi-naturelle mixte",2015-02-25,NA,NA,0.447216322333944
"1152","Semi-naturelle mixte",2015-02-26,NA,NA,0.439382975494398
"1153","Semi-naturelle mixte",2015-02-27,NA,NA,0.431549628654852
"1154","Semi-naturelle mixte",2015-02-28,0.423716281815306,811252.13,0.423716281815306
"1155","Semi-naturelle mixte",2015-03-01,NA,NA,0.428111909291102
"1156","Semi-naturelle mixte",2015-03-02,NA,NA,0.432507536766899
"1157","Semi-naturelle mixte",2015-03-03,NA,NA,0.436903164242695
"1158","Semi-naturelle mixte",2015-03-04,NA,NA,0.441298791718491
"1159","Semi-naturelle mixte",2015-03-05,NA,NA,0.445694419194287
"1160","Semi-naturelle mixte",2015-03-06,NA,NA,0.450090046670084
"1161","Semi-naturelle mixte",2015-03-07,NA,NA,0.45448567414588
"1162","Semi-naturelle mixte",2015-03-08,NA,NA,0.458881301621676
"1163","Semi-naturelle mixte",2015-03-09,NA,NA,0.463276929097473
"1164","Semi-naturelle mixte",2015-03-10,NA,NA,0.467672556573269
"1165","Semi-naturelle mixte",2015-03-11,NA,NA,0.472068184049065
"1166","Semi-naturelle mixte",2015-03-12,NA,NA,0.476463811524861
"1167","Semi-naturelle mixte",2015-03-13,NA,NA,0.480859439000658
"1168","Semi-naturelle mixte",2015-03-14,NA,NA,0.485255066476454
"1169","Semi-naturelle mixte",2015-03-15,NA,NA,0.48965069395225
"1170","Semi-naturelle mixte",2015-03-16,NA,NA,0.494046321428046
"1171","Semi-naturelle mixte",2015-03-17,NA,NA,0.498441948903843
"1172","Semi-naturelle mixte",2015-03-18,NA,NA,0.502837576379639
"1173","Semi-naturelle mixte",2015-03-19,NA,NA,0.507233203855435
"1174","Semi-naturelle mixte",2015-03-20,NA,NA,0.511628831331232
"1175","Semi-naturelle mixte",2015-03-21,NA,NA,0.516024458807028
"1176","Semi-naturelle mixte",2015-03-22,NA,NA,0.520420086282824
"1177","Semi-naturelle mixte",2015-03-23,NA,NA,0.52481571375862
"1178","Semi-naturelle mixte",2015-03-24,NA,NA,0.529211341234417
"1179","Semi-naturelle mixte",2015-03-25,NA,NA,0.533606968710213
"1180","Semi-naturelle mixte",2015-03-26,NA,NA,0.538002596186009
"1181","Semi-naturelle mixte",2015-03-27,NA,NA,0.542398223661805
"1182","Semi-naturelle mixte",2015-03-28,NA,NA,0.546793851137602
"1183","Semi-naturelle mixte",2015-03-29,NA,NA,0.551189478613398
"1184","Semi-naturelle mixte",2015-03-30,NA,NA,0.555585106089194
"1185","Semi-naturelle mixte",2015-03-31,NA,NA,0.559980733564991
"1186","Semi-naturelle mixte",2015-04-01,NA,NA,0.564376361040787
"1187","Semi-naturelle mixte",2015-04-02,NA,NA,0.568771988516583
"1188","Semi-naturelle mixte",2015-04-03,NA,NA,0.573167615992379
"1189","Semi-naturelle mixte",2015-04-04,NA,NA,0.577563243468176
"1190","Semi-naturelle mixte",2015-04-05,NA,NA,0.581958870943972
"1191","Semi-naturelle mixte",2015-04-06,NA,NA,0.586354498419768
"1192","Semi-naturelle mixte",2015-04-07,NA,NA,0.590750125895565
"1193","Semi-naturelle mixte",2015-04-08,0.595145753371361,811252.13,0.595145753371361
"1194","Semi-naturelle mixte",2015-04-09,NA,NA,0.60348601875199
"1195","Semi-naturelle mixte",2015-04-10,NA,NA,0.61182628413262
"1196","Semi-naturelle mixte",2015-04-11,NA,NA,0.62016654951325
"1197","Semi-naturelle mixte",2015-04-12,NA,NA,0.628506814893879
"1198","Semi-naturelle mixte",2015-04-13,NA,NA,0.636847080274509
"1199","Semi-naturelle mixte",2015-04-14,NA,NA,0.645187345655138
"1200","Semi-naturelle mixte",2015-04-15,NA,NA,0.653527611035768
"1201","Semi-naturelle mixte",2015-04-16,NA,NA,0.661867876416397
"1202","Semi-naturelle mixte",2015-04-17,NA,NA,0.670208141797027
"1203","Semi-naturelle mixte",2015-04-18,NA,NA,0.678548407177657
"1204","Semi-naturelle mixte",2015-04-19,NA,NA,0.686888672558286
"1205","Semi-naturelle mixte",2015-04-20,NA,NA,0.695228937938916
"1206","Semi-naturelle mixte",2015-04-21,NA,NA,0.703569203319545
"1207","Semi-naturelle mixte",2015-04-22,NA,NA,0.711909468700175
"1208","Semi-naturelle mixte",2015-04-23,NA,NA,0.720249734080805
"1209","Semi-naturelle mixte",2015-04-24,0.728589999461434,811252.13,0.728589999461434
"1210","Semi-naturelle mixte",2015-04-25,NA,NA,0.72969114624297
"1211","Semi-naturelle mixte",2015-04-26,NA,NA,0.730792293024505
"1212","Semi-naturelle mixte",2015-04-27,NA,NA,0.731893439806041
"1213","Semi-naturelle mixte",2015-04-28,NA,NA,0.732994586587576
"1214","Semi-naturelle mixte",2015-04-29,NA,NA,0.734095733369112
"1215","Semi-naturelle mixte",2015-04-30,NA,NA,0.735196880150648
"1216","Semi-naturelle mixte",2015-05-01,NA,NA,0.736298026932183
"1217","Semi-naturelle mixte",2015-05-02,NA,NA,0.737399173713719
"1218","Semi-naturelle mixte",2015-05-03,NA,NA,0.738500320495254
"1219","Semi-naturelle mixte",2015-05-04,NA,NA,0.73960146727679
"1220","Semi-naturelle mixte",2015-05-05,NA,NA,0.740702614058326
"1221","Semi-naturelle mixte",2015-05-06,NA,NA,0.741803760839861
"1222","Semi-naturelle mixte",2015-05-07,NA,NA,0.742904907621397
"1223","Semi-naturelle mixte",2015-05-08,NA,NA,0.744006054402932
"1224","Semi-naturelle mixte",2015-05-09,NA,NA,0.745107201184468
"1225","Semi-naturelle mixte",2015-05-10,0.746208347966004,811252.13,0.746208347966004
"1226","Semi-naturelle mixte",2015-05-11,NA,NA,0.747623862578224
"1227","Semi-naturelle mixte",2015-05-12,NA,NA,0.749039377190445
"1228","Semi-naturelle mixte",2015-05-13,NA,NA,0.750454891802666
"1229","Semi-naturelle mixte",2015-05-14,NA,NA,0.751870406414887
"1230","Semi-naturelle mixte",2015-05-15,NA,NA,0.753285921027108
"1231","Semi-naturelle mixte",2015-05-16,NA,NA,0.754701435639329
"1232","Semi-naturelle mixte",2015-05-17,NA,NA,0.75611695025155
"1233","Semi-naturelle mixte",2015-05-18,NA,NA,0.75753246486377
"1234","Semi-naturelle mixte",2015-05-19,NA,NA,0.758947979475991
"1235","Semi-naturelle mixte",2015-05-20,NA,NA,0.760363494088212
"1236","Semi-naturelle mixte",2015-05-21,NA,NA,0.761779008700433
"1237","Semi-naturelle mixte",2015-05-22,NA,NA,0.763194523312654
"1238","Semi-naturelle mixte",2015-05-23,NA,NA,0.764610037924874
"1239","Semi-naturelle mixte",2015-05-24,NA,NA,0.766025552537095
"1240","Semi-naturelle mixte",2015-05-25,NA,NA,0.767441067149316
"1241","Semi-naturelle mixte",2015-05-26,NA,NA,0.768856581761537
"1242","Semi-naturelle mixte",2015-05-27,NA,NA,0.770272096373758
"1243","Semi-naturelle mixte",2015-05-28,NA,NA,0.771687610985979
"1244","Semi-naturelle mixte",2015-05-29,NA,NA,0.7731031255982
"1245","Semi-naturelle mixte",2015-05-30,NA,NA,0.77451864021042
"1246","Semi-naturelle mixte",2015-05-31,NA,NA,0.775934154822641
"1247","Semi-naturelle mixte",2015-06-01,NA,NA,0.777349669434862
"1248","Semi-naturelle mixte",2015-06-02,NA,NA,0.778765184047083
"1249","Semi-naturelle mixte",2015-06-03,NA,NA,0.780180698659304
"1250","Semi-naturelle mixte",2015-06-04,0.781596213271525,811252.13,0.781596213271525
"1251","Semi-naturelle mixte",2015-06-05,NA,NA,0.779532368790824
"1252","Semi-naturelle mixte",2015-06-06,NA,NA,0.777468524310124
"1253","Semi-naturelle mixte",2015-06-07,NA,NA,0.775404679829424
"1254","Semi-naturelle mixte",2015-06-08,NA,NA,0.773340835348724
"1255","Semi-naturelle mixte",2015-06-09,NA,NA,0.771276990868023
"1256","Semi-naturelle mixte",2015-06-10,NA,NA,0.769213146387323
"1257","Semi-naturelle mixte",2015-06-11,0.767149301906623,811252.13,0.767149301906623
"1258","Semi-naturelle mixte",2015-06-12,NA,NA,0.765667585157748
"1259","Semi-naturelle mixte",2015-06-13,NA,NA,0.764185868408874
"1260","Semi-naturelle mixte",2015-06-14,NA,NA,0.762704151659999
"1261","Semi-naturelle mixte",2015-06-15,NA,NA,0.761222434911125
"1262","Semi-naturelle mixte",2015-06-16,NA,NA,0.75974071816225
"1263","Semi-naturelle mixte",2015-06-17,NA,NA,0.758259001413376
"1264","Semi-naturelle mixte",2015-06-18,NA,NA,0.756777284664501
"1265","Semi-naturelle mixte",2015-06-19,NA,NA,0.755295567915627
"1266","Semi-naturelle mixte",2015-06-20,NA,NA,0.753813851166752
"1267","Semi-naturelle mixte",2015-06-21,NA,NA,0.752332134417878
"1268","Semi-naturelle mixte",2015-06-22,NA,NA,0.750850417669003
"1269","Semi-naturelle mixte",2015-06-23,NA,NA,0.749368700920129
"1270","Semi-naturelle mixte",2015-06-24,NA,NA,0.747886984171254
"1271","Semi-naturelle mixte",2015-06-25,NA,NA,0.74640526742238
"1272","Semi-naturelle mixte",2015-06-26,NA,NA,0.744923550673505
"1273","Semi-naturelle mixte",2015-06-27,NA,NA,0.743441833924631
"1274","Semi-naturelle mixte",2015-06-28,NA,NA,0.741960117175756
"1275","Semi-naturelle mixte",2015-06-29,NA,NA,0.740478400426882
"1276","Semi-naturelle mixte",2015-06-30,NA,NA,0.738996683678008
"1277","Semi-naturelle mixte",2015-07-01,NA,NA,0.737514966929133
"1278","Semi-naturelle mixte",2015-07-02,NA,NA,0.736033250180259
"1279","Semi-naturelle mixte",2015-07-03,NA,NA,0.734551533431384
"1280","Semi-naturelle mixte",2015-07-04,NA,NA,0.73306981668251
"1281","Semi-naturelle mixte",2015-07-05,NA,NA,0.731588099933635
"1282","Semi-naturelle mixte",2015-07-06,0.730106383184761,811252.13,0.730106383184761
"1283","Semi-naturelle mixte",2015-07-07,NA,NA,0.721635367117674
"1284","Semi-naturelle mixte",2015-07-08,NA,NA,0.713164351050587
"1285","Semi-naturelle mixte",2015-07-09,NA,NA,0.7046933349835
"1286","Semi-naturelle mixte",2015-07-10,NA,NA,0.696222318916413
"1287","Semi-naturelle mixte",2015-07-11,NA,NA,0.687751302849327
"1288","Semi-naturelle mixte",2015-07-12,NA,NA,0.67928028678224
"1289","Semi-naturelle mixte",2015-07-13,NA,NA,0.670809270715153
"1290","Semi-naturelle mixte",2015-07-14,NA,NA,0.662338254648066
"1291","Semi-naturelle mixte",2015-07-15,NA,NA,0.653867238580979
"1292","Semi-naturelle mixte",2015-07-16,NA,NA,0.645396222513893
"1293","Semi-naturelle mixte",2015-07-17,NA,NA,0.636925206446806
"1294","Semi-naturelle mixte",2015-07-18,NA,NA,0.628454190379719
"1295","Semi-naturelle mixte",2015-07-19,NA,NA,0.619983174312632
"1296","Semi-naturelle mixte",2015-07-20,NA,NA,0.611512158245545
"1297","Semi-naturelle mixte",2015-07-21,NA,NA,0.603041142178459
"1298","Semi-naturelle mixte",2015-07-22,0.594570126111372,811252.13,0.594570126111372
"1299","Semi-naturelle mixte",2015-07-23,NA,NA,0.595017515863692
"1300","Semi-naturelle mixte",2015-07-24,NA,NA,0.595464905616012
"1301","Semi-naturelle mixte",2015-07-25,NA,NA,0.595912295368332
"1302","Semi-naturelle mixte",2015-07-26,NA,NA,0.596359685120653
"1303","Semi-naturelle mixte",2015-07-27,NA,NA,0.596807074872973
"1304","Semi-naturelle mixte",2015-07-28,NA,NA,0.597254464625293
"1305","Semi-naturelle mixte",2015-07-29,NA,NA,0.597701854377613
"1306","Semi-naturelle mixte",2015-07-30,NA,NA,0.598149244129933
"1307","Semi-naturelle mixte",2015-07-31,NA,NA,0.598596633882254
"1308","Semi-naturelle mixte",2015-08-01,NA,NA,0.599044023634574
"1309","Semi-naturelle mixte",2015-08-02,NA,NA,0.599491413386894
"1310","Semi-naturelle mixte",2015-08-03,NA,NA,0.599938803139214
"1311","Semi-naturelle mixte",2015-08-04,NA,NA,0.600386192891534
"1312","Semi-naturelle mixte",2015-08-05,NA,NA,0.600833582643855
"1313","Semi-naturelle mixte",2015-08-06,NA,NA,0.601280972396175
"1314","Semi-naturelle mixte",2015-08-07,0.601728362148495,811252.13,0.601728362148495
"1315","Semi-naturelle mixte",2015-08-08,NA,NA,0.59385517271329
"1316","Semi-naturelle mixte",2015-08-09,NA,NA,0.585981983278085
"1317","Semi-naturelle mixte",2015-08-10,NA,NA,0.57810879384288
"1318","Semi-naturelle mixte",2015-08-11,NA,NA,0.570235604407675
"1319","Semi-naturelle mixte",2015-08-12,NA,NA,0.56236241497247
"1320","Semi-naturelle mixte",2015-08-13,NA,NA,0.554489225537265
"1321","Semi-naturelle mixte",2015-08-14,0.546616036102059,811252.13,0.546616036102059
"1322","Semi-naturelle mixte",2015-08-15,NA,NA,0.55787115252682
"1323","Semi-naturelle mixte",2015-08-16,NA,NA,0.569126268951582
"1324","Semi-naturelle mixte",2015-08-17,NA,NA,0.580381385376343
"1325","Semi-naturelle mixte",2015-08-18,NA,NA,0.591636501801104
"1326","Semi-naturelle mixte",2015-08-19,NA,NA,0.602891618225865
"1327","Semi-naturelle mixte",2015-08-20,NA,NA,0.614146734650626
"1328","Semi-naturelle mixte",2015-08-21,NA,NA,0.625401851075387
"1329","Semi-naturelle mixte",2015-08-22,NA,NA,0.636656967500148
"1330","Semi-naturelle mixte",2015-08-23,NA,NA,0.647912083924909
"1331","Semi-naturelle mixte",2015-08-24,NA,NA,0.65916720034967
"1332","Semi-naturelle mixte",2015-08-25,NA,NA,0.670422316774431
"1333","Semi-naturelle mixte",2015-08-26,NA,NA,0.681677433199192
"1334","Semi-naturelle mixte",2015-08-27,NA,NA,0.692932549623954
"1335","Semi-naturelle mixte",2015-08-28,NA,NA,0.704187666048715
"1336","Semi-naturelle mixte",2015-08-29,NA,NA,0.715442782473476
"1337","Semi-naturelle mixte",2015-08-30,0.726697898898237,811252.13,0.726697898898237
"1338","Semi-naturelle mixte",2015-08-31,NA,NA,0.728575487007395
"1339","Semi-naturelle mixte",2015-09-01,NA,NA,0.730453075116553
"1340","Semi-naturelle mixte",2015-09-02,NA,NA,0.732330663225711
"1341","Semi-naturelle mixte",2015-09-03,NA,NA,0.734208251334869
"1342","Semi-naturelle mixte",2015-09-04,NA,NA,0.736085839444027
"1343","Semi-naturelle mixte",2015-09-05,NA,NA,0.737963427553185
"1344","Semi-naturelle mixte",2015-09-06,NA,NA,0.739841015662343
"1345","Semi-naturelle mixte",2015-09-07,NA,NA,0.741718603771501
"1346","Semi-naturelle mixte",2015-09-08,NA,NA,0.743596191880659
"1347","Semi-naturelle mixte",2015-09-09,NA,NA,0.745473779989817
"1348","Semi-naturelle mixte",2015-09-10,NA,NA,0.747351368098975
"1349","Semi-naturelle mixte",2015-09-11,NA,NA,0.749228956208133
"1350","Semi-naturelle mixte",2015-09-12,NA,NA,0.751106544317291
"1351","Semi-naturelle mixte",2015-09-13,NA,NA,0.752984132426449
"1352","Semi-naturelle mixte",2015-09-14,NA,NA,0.754861720535607
"1353","Semi-naturelle mixte",2015-09-15,NA,NA,0.756739308644765
"1354","Semi-naturelle mixte",2015-09-16,NA,NA,0.758616896753923
"1355","Semi-naturelle mixte",2015-09-17,NA,NA,0.760494484863081
"1356","Semi-naturelle mixte",2015-09-18,NA,NA,0.762372072972239
"1357","Semi-naturelle mixte",2015-09-19,NA,NA,0.764249661081397
"1358","Semi-naturelle mixte",2015-09-20,NA,NA,0.766127249190555
"1359","Semi-naturelle mixte",2015-09-21,NA,NA,0.768004837299713
"1360","Semi-naturelle mixte",2015-09-22,NA,NA,0.769882425408871
"1361","Semi-naturelle mixte",2015-09-23,NA,NA,0.771760013518029
"1362","Semi-naturelle mixte",2015-09-24,0.773637601627187,811252.13,0.773637601627187
"1363","Semi-naturelle mixte",2015-09-25,NA,NA,0.769051836890794
"1364","Semi-naturelle mixte",2015-09-26,NA,NA,0.764466072154401
"1365","Semi-naturelle mixte",2015-09-27,NA,NA,0.759880307418008
"1366","Semi-naturelle mixte",2015-09-28,NA,NA,0.755294542681615
"1367","Semi-naturelle mixte",2015-09-29,NA,NA,0.750708777945222
"1368","Semi-naturelle mixte",2015-09-30,NA,NA,0.746123013208829
"1369","Semi-naturelle mixte",2015-10-01,0.741537248472436,811252.13,0.741537248472436
"1370","Semi-naturelle mixte",2015-10-02,NA,NA,0.736526132200082
"1371","Semi-naturelle mixte",2015-10-03,NA,NA,0.731515015927727
"1372","Semi-naturelle mixte",2015-10-04,NA,NA,0.726503899655373
"1373","Semi-naturelle mixte",2015-10-05,NA,NA,0.721492783383019
"1374","Semi-naturelle mixte",2015-10-06,NA,NA,0.716481667110665
"1375","Semi-naturelle mixte",2015-10-07,NA,NA,0.711470550838311
"1376","Semi-naturelle mixte",2015-10-08,NA,NA,0.706459434565957
"1377","Semi-naturelle mixte",2015-10-09,NA,NA,0.701448318293603
"1378","Semi-naturelle mixte",2015-10-10,NA,NA,0.696437202021248
"1379","Semi-naturelle mixte",2015-10-11,NA,NA,0.691426085748894
"1380","Semi-naturelle mixte",2015-10-12,NA,NA,0.68641496947654
"1381","Semi-naturelle mixte",2015-10-13,NA,NA,0.681403853204186
"1382","Semi-naturelle mixte",2015-10-14,NA,NA,0.676392736931832
"1383","Semi-naturelle mixte",2015-10-15,NA,NA,0.671381620659477
"1384","Semi-naturelle mixte",2015-10-16,NA,NA,0.666370504387123
"1385","Semi-naturelle mixte",2015-10-17,NA,NA,0.661359388114769
"1386","Semi-naturelle mixte",2015-10-18,NA,NA,0.656348271842415
"1387","Semi-naturelle mixte",2015-10-19,NA,NA,0.651337155570061
"1388","Semi-naturelle mixte",2015-10-20,NA,NA,0.646326039297707
"1389","Semi-naturelle mixte",2015-10-21,NA,NA,0.641314923025353
"1390","Semi-naturelle mixte",2015-10-22,NA,NA,0.636303806752998
"1391","Semi-naturelle mixte",2015-10-23,NA,NA,0.631292690480644
"1392","Semi-naturelle mixte",2015-10-24,NA,NA,0.62628157420829
"1393","Semi-naturelle mixte",2015-10-25,NA,NA,0.621270457935936
"1394","Semi-naturelle mixte",2015-10-26,0.616259341663582,811252.13,0.616259341663582
"1395","Semi-naturelle mixte",2015-10-27,NA,NA,0.616867065993847
"1396","Semi-naturelle mixte",2015-10-28,NA,NA,0.617474790324113
"1397","Semi-naturelle mixte",2015-10-29,NA,NA,0.618082514654379
"1398","Semi-naturelle mixte",2015-10-30,NA,NA,0.618690238984645
"1399","Semi-naturelle mixte",2015-10-31,NA,NA,0.61929796331491
"1400","Semi-naturelle mixte",2015-11-01,NA,NA,0.619905687645176
"1401","Semi-naturelle mixte",2015-11-02,NA,NA,0.620513411975442
"1402","Semi-naturelle mixte",2015-11-03,NA,NA,0.621121136305708
"1403","Semi-naturelle mixte",2015-11-04,NA,NA,0.621728860635973
"1404","Semi-naturelle mixte",2015-11-05,NA,NA,0.622336584966239
"1405","Semi-naturelle mixte",2015-11-06,NA,NA,0.622944309296505
"1406","Semi-naturelle mixte",2015-11-07,NA,NA,0.62355203362677
"1407","Semi-naturelle mixte",2015-11-08,NA,NA,0.624159757957036
"1408","Semi-naturelle mixte",2015-11-09,NA,NA,0.624767482287302
"1409","Semi-naturelle mixte",2015-11-10,NA,NA,0.625375206617568
"1410","Semi-naturelle mixte",2015-11-11,0.625982930947833,811252.13,0.625982930947833
"1411","Semi-naturelle mixte",2015-11-12,NA,NA,0.628704145085533
"1412","Semi-naturelle mixte",2015-11-13,NA,NA,0.631425359223233
"1413","Semi-naturelle mixte",2015-11-14,NA,NA,0.634146573360933
"1414","Semi-naturelle mixte",2015-11-15,NA,NA,0.636867787498633
"1415","Semi-naturelle mixte",2015-11-16,NA,NA,0.639589001636333
"1416","Semi-naturelle mixte",2015-11-17,NA,NA,0.642310215774033
"1417","Semi-naturelle mixte",2015-11-18,0.645031429911733,811252.13,0.645031429911733
"1418","Semi-naturelle mixte",2015-11-19,NA,NA,0.643098955369012
"1419","Semi-naturelle mixte",2015-11-20,NA,NA,0.641166480826291
"1420","Semi-naturelle mixte",2015-11-21,NA,NA,0.63923400628357
"1421","Semi-naturelle mixte",2015-11-22,NA,NA,0.637301531740849
"1422","Semi-naturelle mixte",2015-11-23,NA,NA,0.635369057198128
"1423","Semi-naturelle mixte",2015-11-24,NA,NA,0.633436582655407
"1424","Semi-naturelle mixte",2015-11-25,NA,NA,0.631504108112686
"1425","Semi-naturelle mixte",2015-11-26,NA,NA,0.629571633569965
"1426","Semi-naturelle mixte",2015-11-27,0.627639159027245,811252.13,0.627639159027245
"1427","Semi-naturelle mixte",2015-11-28,NA,NA,0.625355583807634
"1428","Semi-naturelle mixte",2015-11-29,NA,NA,0.623072008588024
"1429","Semi-naturelle mixte",2015-11-30,NA,NA,0.620788433368413
"1430","Semi-naturelle mixte",2015-12-01,NA,NA,0.618504858148803
"1431","Semi-naturelle mixte",2015-12-02,NA,NA,0.616221282929193
"1432","Semi-naturelle mixte",2015-12-03,NA,NA,0.613937707709582
"1433","Semi-naturelle mixte",2015-12-04,NA,NA,0.611654132489972
"1434","Semi-naturelle mixte",2015-12-05,NA,NA,0.609370557270362
"1435","Semi-naturelle mixte",2015-12-06,NA,NA,0.607086982050751
"1436","Semi-naturelle mixte",2015-12-07,NA,NA,0.604803406831141
"1437","Semi-naturelle mixte",2015-12-08,NA,NA,0.60251983161153
"1438","Semi-naturelle mixte",2015-12-09,NA,NA,0.60023625639192
"1439","Semi-naturelle mixte",2015-12-10,NA,NA,0.59795268117231
"1440","Semi-naturelle mixte",2015-12-11,NA,NA,0.595669105952699
"1441","Semi-naturelle mixte",2015-12-12,NA,NA,0.593385530733089
"1442","Semi-naturelle mixte",2015-12-13,NA,NA,0.591101955513479
"1443","Semi-naturelle mixte",2015-12-14,NA,NA,0.588818380293868
"1444","Semi-naturelle mixte",2015-12-15,NA,NA,0.586534805074258
"1445","Semi-naturelle mixte",2015-12-16,NA,NA,0.584251229854648
"1446","Semi-naturelle mixte",2015-12-17,NA,NA,0.581967654635037
"1447","Semi-naturelle mixte",2015-12-18,NA,NA,0.579684079415427
"1448","Semi-naturelle mixte",2015-12-19,NA,NA,0.577400504195816
"1449","Semi-naturelle mixte",2015-12-20,0.575116928976206,811252.13,0.575116928976206
"1450","Semi-naturelle mixte",2015-12-21,NA,NA,0.577004511114682
"1451","Semi-naturelle mixte",2015-12-22,NA,NA,0.578892093253157
"1452","Semi-naturelle mixte",2015-12-23,NA,NA,0.580779675391633
"1453","Semi-naturelle mixte",2015-12-24,NA,NA,0.582667257530109
"1454","Semi-naturelle mixte",2015-12-25,NA,NA,0.584554839668585
"1455","Semi-naturelle mixte",2015-12-26,NA,NA,0.58644242180706
"1456","Semi-naturelle mixte",2015-12-27,NA,NA,0.588330003945536
"1457","Semi-naturelle mixte",2015-12-28,NA,NA,0.590217586084012
"1458","Semi-naturelle mixte",2015-12-29,0.592105168222487,811252.13,0.592105168222487
"1459","Semi-naturelle mixte",2015-12-30,NA,NA,0.592105168222487
"1460","Semi-naturelle mixte",2015-12-31,NA,NA,0.592105168222487
